
use puffride;

INSERT INTO `PHONE` (`PHONE_ID`, `COUNTRY_CODE`, `AREA_CODE`, `DIGITS`, `CREATE_DATE`, `UPDATE_DATE`) VALUES (1, 1, 734, 7111727, '2017-07-02 19:21:32', '2017-10-03 23:20:36');
INSERT INTO `PHONE` (`PHONE_ID`, `COUNTRY_CODE`, `AREA_CODE`, `DIGITS`, `CREATE_DATE`, `UPDATE_DATE`) VALUES (2, 1, 734, 3137926, '2017-08-05 11:17:56', '2018-04-22 17:22:48');
INSERT INTO `PHONE` (`PHONE_ID`, `COUNTRY_CODE`, `AREA_CODE`, `DIGITS`, `CREATE_DATE`, `UPDATE_DATE`) VALUES (3, 1, 734, 1851790, '2017-08-20 22:34:32', '2018-11-09 15:21:43');
INSERT INTO `PHONE` (`PHONE_ID`, `COUNTRY_CODE`, `AREA_CODE`, `DIGITS`, `CREATE_DATE`, `UPDATE_DATE`) VALUES (4, 1, 734, 711318, '2019-05-10 12:08:55', '2018-03-08 06:05:33');
INSERT INTO `PHONE` (`PHONE_ID`, `COUNTRY_CODE`, `AREA_CODE`, `DIGITS`, `CREATE_DATE`, `UPDATE_DATE`) VALUES (5, 1, 734, 5707920, '2017-07-25 21:02:39', '2017-05-19 10:33:57');
INSERT INTO `PHONE` (`PHONE_ID`, `COUNTRY_CODE`, `AREA_CODE`, `DIGITS`, `CREATE_DATE`, `UPDATE_DATE`) VALUES (6, 1, 734, 6787066, '2017-11-29 22:14:55', '2018-12-14 08:39:33');
INSERT INTO `PHONE` (`PHONE_ID`, `COUNTRY_CODE`, `AREA_CODE`, `DIGITS`, `CREATE_DATE`, `UPDATE_DATE`) VALUES (7, 1, 734, 8275589, '2019-02-28 04:55:11', '2018-11-13 22:13:05');
INSERT INTO `PHONE` (`PHONE_ID`, `COUNTRY_CODE`, `AREA_CODE`, `DIGITS`, `CREATE_DATE`, `UPDATE_DATE`) VALUES (8, 1, 734, 8130712, '2016-12-01 00:13:57', '2016-11-12 11:38:05');
INSERT INTO `PHONE` (`PHONE_ID`, `COUNTRY_CODE`, `AREA_CODE`, `DIGITS`, `CREATE_DATE`, `UPDATE_DATE`) VALUES (9, 1, 734, 129307, '2017-02-21 13:26:04', '2017-06-02 16:11:50');
INSERT INTO `PHONE` (`PHONE_ID`, `COUNTRY_CODE`, `AREA_CODE`, `DIGITS`, `CREATE_DATE`, `UPDATE_DATE`) VALUES (10, 1, 734, 9568682, '2018-08-23 21:55:12', '2018-10-05 02:13:44');
INSERT INTO `PHONE` (`PHONE_ID`, `COUNTRY_CODE`, `AREA_CODE`, `DIGITS`, `CREATE_DATE`, `UPDATE_DATE`) VALUES (11, 1, 734, 1304301, '2018-05-22 03:38:16', '2017-01-30 21:14:49');
INSERT INTO `PHONE` (`PHONE_ID`, `COUNTRY_CODE`, `AREA_CODE`, `DIGITS`, `CREATE_DATE`, `UPDATE_DATE`) VALUES (12, 1, 734, 8744375, '2018-01-26 00:20:19', '2017-04-11 08:12:16');
INSERT INTO `PHONE` (`PHONE_ID`, `COUNTRY_CODE`, `AREA_CODE`, `DIGITS`, `CREATE_DATE`, `UPDATE_DATE`) VALUES (13, 1, 734, 7230934, '2018-03-28 02:36:03', '2018-08-29 20:38:32');
INSERT INTO `PHONE` (`PHONE_ID`, `COUNTRY_CODE`, `AREA_CODE`, `DIGITS`, `CREATE_DATE`, `UPDATE_DATE`) VALUES (14, 1, 734, 1840258, '2017-12-11 22:25:07', '2018-05-17 08:44:37');
INSERT INTO `PHONE` (`PHONE_ID`, `COUNTRY_CODE`, `AREA_CODE`, `DIGITS`, `CREATE_DATE`, `UPDATE_DATE`) VALUES (15, 1, 734, 3447874, '2017-04-21 17:30:28', '2017-08-14 18:18:43');
INSERT INTO `PHONE` (`PHONE_ID`, `COUNTRY_CODE`, `AREA_CODE`, `DIGITS`, `CREATE_DATE`, `UPDATE_DATE`) VALUES (16, 1, 734, 1453950, '2017-12-12 02:41:05', '2017-03-04 04:56:04');
INSERT INTO `PHONE` (`PHONE_ID`, `COUNTRY_CODE`, `AREA_CODE`, `DIGITS`, `CREATE_DATE`, `UPDATE_DATE`) VALUES (17, 1, 734, 1564496, '2018-04-15 07:55:37', '2019-03-24 11:31:56');
INSERT INTO `PHONE` (`PHONE_ID`, `COUNTRY_CODE`, `AREA_CODE`, `DIGITS`, `CREATE_DATE`, `UPDATE_DATE`) VALUES (18, 1, 734, 9611181, '2017-03-11 04:20:32', '2017-05-19 15:25:42');
INSERT INTO `PHONE` (`PHONE_ID`, `COUNTRY_CODE`, `AREA_CODE`, `DIGITS`, `CREATE_DATE`, `UPDATE_DATE`) VALUES (19, 1, 734, 1715263, '2019-05-05 00:14:53', '2017-08-29 02:59:01');
INSERT INTO `PHONE` (`PHONE_ID`, `COUNTRY_CODE`, `AREA_CODE`, `DIGITS`, `CREATE_DATE`, `UPDATE_DATE`) VALUES (20, 1, 734, 5465932, '2016-10-20 12:54:51', '2018-12-13 09:54:32');
INSERT INTO `PHONE` (`PHONE_ID`, `COUNTRY_CODE`, `AREA_CODE`, `DIGITS`, `CREATE_DATE`, `UPDATE_DATE`) VALUES (21, 1, 734, 8319267, '2018-10-01 14:58:41', '2017-10-31 20:19:42');
INSERT INTO `PHONE` (`PHONE_ID`, `COUNTRY_CODE`, `AREA_CODE`, `DIGITS`, `CREATE_DATE`, `UPDATE_DATE`) VALUES (22, 1, 734, 5819733, '2017-04-18 12:26:43', '2017-04-08 10:29:29');
INSERT INTO `PHONE` (`PHONE_ID`, `COUNTRY_CODE`, `AREA_CODE`, `DIGITS`, `CREATE_DATE`, `UPDATE_DATE`) VALUES (23, 1, 734, 1278682, '2017-10-08 12:12:48', '2018-11-27 17:58:30');
INSERT INTO `PHONE` (`PHONE_ID`, `COUNTRY_CODE`, `AREA_CODE`, `DIGITS`, `CREATE_DATE`, `UPDATE_DATE`) VALUES (24, 1, 734, 8629376, '2017-08-22 14:26:12', '2016-08-16 02:07:17');
INSERT INTO `PHONE` (`PHONE_ID`, `COUNTRY_CODE`, `AREA_CODE`, `DIGITS`, `CREATE_DATE`, `UPDATE_DATE`) VALUES (25, 1, 734, 8694795, '2018-09-29 14:48:45', '2018-06-25 06:01:49');
INSERT INTO `PHONE` (`PHONE_ID`, `COUNTRY_CODE`, `AREA_CODE`, `DIGITS`, `CREATE_DATE`, `UPDATE_DATE`) VALUES (26, 1, 734, 236747, '2018-11-26 19:28:23', '2017-09-17 18:43:52');
INSERT INTO `PHONE` (`PHONE_ID`, `COUNTRY_CODE`, `AREA_CODE`, `DIGITS`, `CREATE_DATE`, `UPDATE_DATE`) VALUES (27, 1, 734, 4731764, '2017-01-19 13:37:21', '2017-11-03 09:28:47');
INSERT INTO `PHONE` (`PHONE_ID`, `COUNTRY_CODE`, `AREA_CODE`, `DIGITS`, `CREATE_DATE`, `UPDATE_DATE`) VALUES (28, 1, 734, 9993494, '2017-08-17 17:00:51', '2017-01-08 05:49:58');
INSERT INTO `PHONE` (`PHONE_ID`, `COUNTRY_CODE`, `AREA_CODE`, `DIGITS`, `CREATE_DATE`, `UPDATE_DATE`) VALUES (29, 1, 734, 8998951, '2018-02-22 21:51:12', '2017-05-05 04:01:59');
INSERT INTO `PHONE` (`PHONE_ID`, `COUNTRY_CODE`, `AREA_CODE`, `DIGITS`, `CREATE_DATE`, `UPDATE_DATE`) VALUES (30, 1, 734, 5844447, '2016-07-19 23:48:02', '2018-05-22 00:26:19');
INSERT INTO `PHONE` (`PHONE_ID`, `COUNTRY_CODE`, `AREA_CODE`, `DIGITS`, `CREATE_DATE`, `UPDATE_DATE`) VALUES (31, 1, 734, 2498847, '2016-09-17 03:16:14', '2017-02-22 05:09:23');
INSERT INTO `PHONE` (`PHONE_ID`, `COUNTRY_CODE`, `AREA_CODE`, `DIGITS`, `CREATE_DATE`, `UPDATE_DATE`) VALUES (32, 1, 734, 7604133, '2018-05-26 16:04:52', '2016-11-12 21:38:14');
INSERT INTO `PHONE` (`PHONE_ID`, `COUNTRY_CODE`, `AREA_CODE`, `DIGITS`, `CREATE_DATE`, `UPDATE_DATE`) VALUES (33, 1, 734, 6672933, '2019-01-21 21:51:17', '2019-03-21 18:47:06');
INSERT INTO `PHONE` (`PHONE_ID`, `COUNTRY_CODE`, `AREA_CODE`, `DIGITS`, `CREATE_DATE`, `UPDATE_DATE`) VALUES (34, 1, 734, 5039705, '2016-07-31 19:15:36', '2018-11-13 01:24:50');
INSERT INTO `PHONE` (`PHONE_ID`, `COUNTRY_CODE`, `AREA_CODE`, `DIGITS`, `CREATE_DATE`, `UPDATE_DATE`) VALUES (35, 1, 734, 3101280, '2017-01-09 01:31:31', '2019-02-15 01:05:10');
INSERT INTO `PHONE` (`PHONE_ID`, `COUNTRY_CODE`, `AREA_CODE`, `DIGITS`, `CREATE_DATE`, `UPDATE_DATE`) VALUES (36, 1, 734, 5513907, '2019-05-14 02:28:58', '2017-01-16 09:51:17');
INSERT INTO `PHONE` (`PHONE_ID`, `COUNTRY_CODE`, `AREA_CODE`, `DIGITS`, `CREATE_DATE`, `UPDATE_DATE`) VALUES (37, 1, 734, 7748046, '2016-10-02 04:24:56', '2016-07-15 05:17:50');
INSERT INTO `PHONE` (`PHONE_ID`, `COUNTRY_CODE`, `AREA_CODE`, `DIGITS`, `CREATE_DATE`, `UPDATE_DATE`) VALUES (38, 1, 734, 239294, '2017-10-21 21:04:45', '2018-01-13 02:28:02');
INSERT INTO `PHONE` (`PHONE_ID`, `COUNTRY_CODE`, `AREA_CODE`, `DIGITS`, `CREATE_DATE`, `UPDATE_DATE`) VALUES (39, 1, 734, 6288472, '2018-02-16 17:32:04', '2019-03-10 06:36:54');
INSERT INTO `PHONE` (`PHONE_ID`, `COUNTRY_CODE`, `AREA_CODE`, `DIGITS`, `CREATE_DATE`, `UPDATE_DATE`) VALUES (40, 1, 734, 228319, '2019-03-05 22:45:27', '2016-08-22 11:09:40');
INSERT INTO `PHONE` (`PHONE_ID`, `COUNTRY_CODE`, `AREA_CODE`, `DIGITS`, `CREATE_DATE`, `UPDATE_DATE`) VALUES (41, 1, 734, 8477192, '2019-02-04 09:10:40', '2017-12-29 04:14:27');
INSERT INTO `PHONE` (`PHONE_ID`, `COUNTRY_CODE`, `AREA_CODE`, `DIGITS`, `CREATE_DATE`, `UPDATE_DATE`) VALUES (42, 1, 734, 4333586, '2017-10-30 03:57:56', '2017-03-15 16:18:39');
INSERT INTO `PHONE` (`PHONE_ID`, `COUNTRY_CODE`, `AREA_CODE`, `DIGITS`, `CREATE_DATE`, `UPDATE_DATE`) VALUES (43, 1, 734, 9192947, '2019-03-17 02:52:11', '2018-01-16 05:55:54');
INSERT INTO `PHONE` (`PHONE_ID`, `COUNTRY_CODE`, `AREA_CODE`, `DIGITS`, `CREATE_DATE`, `UPDATE_DATE`) VALUES (44, 1, 734, 2760493, '2016-10-17 14:43:10', '2017-11-23 08:49:25');
INSERT INTO `PHONE` (`PHONE_ID`, `COUNTRY_CODE`, `AREA_CODE`, `DIGITS`, `CREATE_DATE`, `UPDATE_DATE`) VALUES (45, 1, 734, 1157879, '2016-07-25 22:40:56', '2018-07-03 21:40:03');
INSERT INTO `PHONE` (`PHONE_ID`, `COUNTRY_CODE`, `AREA_CODE`, `DIGITS`, `CREATE_DATE`, `UPDATE_DATE`) VALUES (46, 1, 734, 3965649, '2018-05-30 04:49:56', '2016-09-29 10:45:19');
INSERT INTO `PHONE` (`PHONE_ID`, `COUNTRY_CODE`, `AREA_CODE`, `DIGITS`, `CREATE_DATE`, `UPDATE_DATE`) VALUES (47, 1, 734, 3734013, '2017-07-01 19:24:51', '2018-03-05 06:57:53');
INSERT INTO `PHONE` (`PHONE_ID`, `COUNTRY_CODE`, `AREA_CODE`, `DIGITS`, `CREATE_DATE`, `UPDATE_DATE`) VALUES (48, 1, 734, 7126122, '2019-03-27 23:01:12', '2017-10-30 14:56:29');
INSERT INTO `PHONE` (`PHONE_ID`, `COUNTRY_CODE`, `AREA_CODE`, `DIGITS`, `CREATE_DATE`, `UPDATE_DATE`) VALUES (49, 1, 734, 7964352, '2018-11-02 12:33:31', '2016-09-06 06:52:52');
INSERT INTO `PHONE` (`PHONE_ID`, `COUNTRY_CODE`, `AREA_CODE`, `DIGITS`, `CREATE_DATE`, `UPDATE_DATE`) VALUES (50, 1, 734, 4475568, '2016-08-11 15:14:43', '2016-11-04 23:19:41');
INSERT INTO `PHONE` (`PHONE_ID`, `COUNTRY_CODE`, `AREA_CODE`, `DIGITS`, `CREATE_DATE`, `UPDATE_DATE`) VALUES (51, 1, 734, 2505444, '2017-01-10 22:35:06', '2018-08-29 17:55:15');
INSERT INTO `PHONE` (`PHONE_ID`, `COUNTRY_CODE`, `AREA_CODE`, `DIGITS`, `CREATE_DATE`, `UPDATE_DATE`) VALUES (52, 1, 734, 6155027, '2019-05-10 15:53:58', '2018-09-21 14:03:23');
INSERT INTO `PHONE` (`PHONE_ID`, `COUNTRY_CODE`, `AREA_CODE`, `DIGITS`, `CREATE_DATE`, `UPDATE_DATE`) VALUES (53, 1, 734, 378381, '2019-05-10 19:40:11', '2017-12-17 11:39:18');
INSERT INTO `PHONE` (`PHONE_ID`, `COUNTRY_CODE`, `AREA_CODE`, `DIGITS`, `CREATE_DATE`, `UPDATE_DATE`) VALUES (54, 1, 734, 9614944, '2016-10-10 20:34:17', '2017-01-22 19:31:43');
INSERT INTO `PHONE` (`PHONE_ID`, `COUNTRY_CODE`, `AREA_CODE`, `DIGITS`, `CREATE_DATE`, `UPDATE_DATE`) VALUES (55, 1, 734, 820270, '2019-03-21 22:50:48', '2018-10-29 04:25:45');
INSERT INTO `PHONE` (`PHONE_ID`, `COUNTRY_CODE`, `AREA_CODE`, `DIGITS`, `CREATE_DATE`, `UPDATE_DATE`) VALUES (56, 1, 734, 6939255, '2018-09-10 07:23:42', '2017-03-29 18:15:01');
INSERT INTO `PHONE` (`PHONE_ID`, `COUNTRY_CODE`, `AREA_CODE`, `DIGITS`, `CREATE_DATE`, `UPDATE_DATE`) VALUES (57, 1, 734, 9281447, '2016-08-15 22:55:36', '2016-09-14 05:46:18');
INSERT INTO `PHONE` (`PHONE_ID`, `COUNTRY_CODE`, `AREA_CODE`, `DIGITS`, `CREATE_DATE`, `UPDATE_DATE`) VALUES (58, 1, 734, 8598862, '2018-06-05 13:59:00', '2017-07-22 18:42:03');
INSERT INTO `PHONE` (`PHONE_ID`, `COUNTRY_CODE`, `AREA_CODE`, `DIGITS`, `CREATE_DATE`, `UPDATE_DATE`) VALUES (59, 1, 734, 9467472, '2017-05-31 07:33:45', '2016-10-08 00:20:52');
INSERT INTO `PHONE` (`PHONE_ID`, `COUNTRY_CODE`, `AREA_CODE`, `DIGITS`, `CREATE_DATE`, `UPDATE_DATE`) VALUES (60, 1, 734, 6330079, '2018-10-10 05:07:55', '2018-04-01 23:34:16');
INSERT INTO `PHONE` (`PHONE_ID`, `COUNTRY_CODE`, `AREA_CODE`, `DIGITS`, `CREATE_DATE`, `UPDATE_DATE`) VALUES (61, 1, 734, 4084647, '2019-02-27 05:42:04', '2019-01-08 16:06:33');
INSERT INTO `PHONE` (`PHONE_ID`, `COUNTRY_CODE`, `AREA_CODE`, `DIGITS`, `CREATE_DATE`, `UPDATE_DATE`) VALUES (62, 1, 734, 4653507, '2018-03-30 17:33:18', '2016-12-30 21:12:38');
INSERT INTO `PHONE` (`PHONE_ID`, `COUNTRY_CODE`, `AREA_CODE`, `DIGITS`, `CREATE_DATE`, `UPDATE_DATE`) VALUES (63, 1, 734, 9940759, '2018-02-18 07:32:42', '2018-01-01 06:45:54');
INSERT INTO `PHONE` (`PHONE_ID`, `COUNTRY_CODE`, `AREA_CODE`, `DIGITS`, `CREATE_DATE`, `UPDATE_DATE`) VALUES (64, 1, 734, 2786576, '2018-06-26 07:06:54', '2017-11-26 06:06:38');
INSERT INTO `PHONE` (`PHONE_ID`, `COUNTRY_CODE`, `AREA_CODE`, `DIGITS`, `CREATE_DATE`, `UPDATE_DATE`) VALUES (65, 1, 734, 2604813, '2018-06-06 11:45:00', '2016-12-25 19:04:37');
INSERT INTO `PHONE` (`PHONE_ID`, `COUNTRY_CODE`, `AREA_CODE`, `DIGITS`, `CREATE_DATE`, `UPDATE_DATE`) VALUES (66, 1, 734, 703335, '2018-09-21 17:22:10', '2017-06-02 07:29:09');
INSERT INTO `PHONE` (`PHONE_ID`, `COUNTRY_CODE`, `AREA_CODE`, `DIGITS`, `CREATE_DATE`, `UPDATE_DATE`) VALUES (67, 1, 734, 156172, '2016-09-11 14:29:50', '2019-01-01 03:34:32');
INSERT INTO `PHONE` (`PHONE_ID`, `COUNTRY_CODE`, `AREA_CODE`, `DIGITS`, `CREATE_DATE`, `UPDATE_DATE`) VALUES (68, 1, 734, 3647477, '2019-01-30 19:40:49', '2017-02-28 20:42:10');
INSERT INTO `PHONE` (`PHONE_ID`, `COUNTRY_CODE`, `AREA_CODE`, `DIGITS`, `CREATE_DATE`, `UPDATE_DATE`) VALUES (69, 1, 734, 48306, '2017-02-15 14:20:57', '2017-01-02 11:40:30');
INSERT INTO `PHONE` (`PHONE_ID`, `COUNTRY_CODE`, `AREA_CODE`, `DIGITS`, `CREATE_DATE`, `UPDATE_DATE`) VALUES (70, 1, 734, 7127428, '2017-03-17 01:07:30', '2016-11-19 23:16:53');
INSERT INTO `PHONE` (`PHONE_ID`, `COUNTRY_CODE`, `AREA_CODE`, `DIGITS`, `CREATE_DATE`, `UPDATE_DATE`) VALUES (71, 1, 734, 4694248, '2016-12-21 10:57:47', '2018-12-11 16:57:13');
INSERT INTO `PHONE` (`PHONE_ID`, `COUNTRY_CODE`, `AREA_CODE`, `DIGITS`, `CREATE_DATE`, `UPDATE_DATE`) VALUES (72, 1, 734, 695548, '2017-09-23 19:51:22', '2017-12-16 03:14:04');
INSERT INTO `PHONE` (`PHONE_ID`, `COUNTRY_CODE`, `AREA_CODE`, `DIGITS`, `CREATE_DATE`, `UPDATE_DATE`) VALUES (73, 1, 734, 9696973, '2019-03-16 03:20:39', '2016-12-11 12:14:16');
INSERT INTO `PHONE` (`PHONE_ID`, `COUNTRY_CODE`, `AREA_CODE`, `DIGITS`, `CREATE_DATE`, `UPDATE_DATE`) VALUES (74, 1, 734, 3937549, '2018-04-18 01:22:48', '2018-02-19 09:12:53');
INSERT INTO `PHONE` (`PHONE_ID`, `COUNTRY_CODE`, `AREA_CODE`, `DIGITS`, `CREATE_DATE`, `UPDATE_DATE`) VALUES (75, 1, 734, 1682527, '2017-12-16 13:11:20', '2018-04-16 20:13:49');
INSERT INTO `PHONE` (`PHONE_ID`, `COUNTRY_CODE`, `AREA_CODE`, `DIGITS`, `CREATE_DATE`, `UPDATE_DATE`) VALUES (76, 1, 734, 2367264, '2016-08-21 17:01:28', '2017-08-26 02:19:04');
INSERT INTO `PHONE` (`PHONE_ID`, `COUNTRY_CODE`, `AREA_CODE`, `DIGITS`, `CREATE_DATE`, `UPDATE_DATE`) VALUES (77, 1, 734, 3773215, '2018-04-17 14:31:36', '2018-04-29 12:15:32');
INSERT INTO `PHONE` (`PHONE_ID`, `COUNTRY_CODE`, `AREA_CODE`, `DIGITS`, `CREATE_DATE`, `UPDATE_DATE`) VALUES (78, 1, 734, 3617230, '2018-12-04 05:27:53', '2018-05-15 14:31:53');
INSERT INTO `PHONE` (`PHONE_ID`, `COUNTRY_CODE`, `AREA_CODE`, `DIGITS`, `CREATE_DATE`, `UPDATE_DATE`) VALUES (79, 1, 734, 6970088, '2018-10-08 13:06:48', '2018-07-19 20:12:40');
INSERT INTO `PHONE` (`PHONE_ID`, `COUNTRY_CODE`, `AREA_CODE`, `DIGITS`, `CREATE_DATE`, `UPDATE_DATE`) VALUES (80, 1, 734, 1440365, '2017-05-01 23:58:54', '2017-12-24 12:59:08');
INSERT INTO `PHONE` (`PHONE_ID`, `COUNTRY_CODE`, `AREA_CODE`, `DIGITS`, `CREATE_DATE`, `UPDATE_DATE`) VALUES (81, 1, 734, 6606700, '2018-04-01 14:15:11', '2016-07-02 22:00:31');
INSERT INTO `PHONE` (`PHONE_ID`, `COUNTRY_CODE`, `AREA_CODE`, `DIGITS`, `CREATE_DATE`, `UPDATE_DATE`) VALUES (82, 1, 734, 4579788, '2016-09-28 15:05:58', '2018-11-14 13:53:17');
INSERT INTO `PHONE` (`PHONE_ID`, `COUNTRY_CODE`, `AREA_CODE`, `DIGITS`, `CREATE_DATE`, `UPDATE_DATE`) VALUES (83, 1, 734, 990917, '2017-02-16 23:28:54', '2016-08-08 18:07:16');
INSERT INTO `PHONE` (`PHONE_ID`, `COUNTRY_CODE`, `AREA_CODE`, `DIGITS`, `CREATE_DATE`, `UPDATE_DATE`) VALUES (84, 1, 734, 8153012, '2018-12-21 23:04:24', '2019-01-07 13:37:01');
INSERT INTO `PHONE` (`PHONE_ID`, `COUNTRY_CODE`, `AREA_CODE`, `DIGITS`, `CREATE_DATE`, `UPDATE_DATE`) VALUES (85, 1, 734, 7106880, '2018-07-19 00:42:15', '2017-06-04 18:13:28');
INSERT INTO `PHONE` (`PHONE_ID`, `COUNTRY_CODE`, `AREA_CODE`, `DIGITS`, `CREATE_DATE`, `UPDATE_DATE`) VALUES (86, 1, 734, 4688174, '2018-12-03 22:34:13', '2017-02-13 06:34:42');
INSERT INTO `PHONE` (`PHONE_ID`, `COUNTRY_CODE`, `AREA_CODE`, `DIGITS`, `CREATE_DATE`, `UPDATE_DATE`) VALUES (87, 1, 734, 580390, '2018-08-06 06:59:41', '2017-05-13 22:58:43');
INSERT INTO `PHONE` (`PHONE_ID`, `COUNTRY_CODE`, `AREA_CODE`, `DIGITS`, `CREATE_DATE`, `UPDATE_DATE`) VALUES (88, 1, 734, 8417008, '2017-02-21 20:45:27', '2018-07-26 07:59:50');
INSERT INTO `PHONE` (`PHONE_ID`, `COUNTRY_CODE`, `AREA_CODE`, `DIGITS`, `CREATE_DATE`, `UPDATE_DATE`) VALUES (89, 1, 734, 414239, '2016-12-03 09:02:54', '2018-07-01 07:11:44');
INSERT INTO `PHONE` (`PHONE_ID`, `COUNTRY_CODE`, `AREA_CODE`, `DIGITS`, `CREATE_DATE`, `UPDATE_DATE`) VALUES (90, 1, 734, 5111228, '2017-06-04 09:14:25', '2019-05-28 09:18:23');
INSERT INTO `PHONE` (`PHONE_ID`, `COUNTRY_CODE`, `AREA_CODE`, `DIGITS`, `CREATE_DATE`, `UPDATE_DATE`) VALUES (91, 1, 734, 642558, '2016-06-16 22:45:33', '2017-10-08 02:13:31');
INSERT INTO `PHONE` (`PHONE_ID`, `COUNTRY_CODE`, `AREA_CODE`, `DIGITS`, `CREATE_DATE`, `UPDATE_DATE`) VALUES (92, 1, 734, 777286, '2016-08-12 19:12:35', '2019-02-03 07:15:09');
INSERT INTO `PHONE` (`PHONE_ID`, `COUNTRY_CODE`, `AREA_CODE`, `DIGITS`, `CREATE_DATE`, `UPDATE_DATE`) VALUES (93, 1, 734, 8019941, '2017-01-26 12:31:19', '2018-08-22 05:31:49');
INSERT INTO `PHONE` (`PHONE_ID`, `COUNTRY_CODE`, `AREA_CODE`, `DIGITS`, `CREATE_DATE`, `UPDATE_DATE`) VALUES (94, 1, 734, 7443221, '2018-07-12 20:33:23', '2016-11-06 04:44:50');
INSERT INTO `PHONE` (`PHONE_ID`, `COUNTRY_CODE`, `AREA_CODE`, `DIGITS`, `CREATE_DATE`, `UPDATE_DATE`) VALUES (95, 1, 734, 7569822, '2018-07-31 05:06:15', '2017-03-13 03:00:49');
INSERT INTO `PHONE` (`PHONE_ID`, `COUNTRY_CODE`, `AREA_CODE`, `DIGITS`, `CREATE_DATE`, `UPDATE_DATE`) VALUES (96, 1, 734, 3473889, '2016-08-26 13:49:37', '2019-05-08 09:46:34');
INSERT INTO `PHONE` (`PHONE_ID`, `COUNTRY_CODE`, `AREA_CODE`, `DIGITS`, `CREATE_DATE`, `UPDATE_DATE`) VALUES (97, 1, 734, 3993082, '2017-11-04 13:11:22', '2019-03-02 00:48:12');
INSERT INTO `PHONE` (`PHONE_ID`, `COUNTRY_CODE`, `AREA_CODE`, `DIGITS`, `CREATE_DATE`, `UPDATE_DATE`) VALUES (98, 1, 734, 5394006, '2018-11-04 01:12:10', '2017-10-02 09:34:54');
INSERT INTO `PHONE` (`PHONE_ID`, `COUNTRY_CODE`, `AREA_CODE`, `DIGITS`, `CREATE_DATE`, `UPDATE_DATE`) VALUES (99, 1, 734, 5298449, '2018-03-31 04:30:31', '2017-11-30 17:12:27');
INSERT INTO `PHONE` (`PHONE_ID`, `COUNTRY_CODE`, `AREA_CODE`, `DIGITS`, `CREATE_DATE`, `UPDATE_DATE`) VALUES (100, 1, 734, 4284552, '2017-07-13 15:06:11', '2019-01-22 04:02:42');



INSERT INTO `USER` (`USER_ID`, `NAME`, `PROFILE_PICTURE`, `PW_HASH`, `EMAIL`, `BIO`, `EMAIL_VERIFIED_FLAG`, `PHONE_ID`, `CREATE_DATE`, `UPDATE_DATE`) VALUES (1, 'Dortha Stracke', '/0e88f58ec618bece27349de9f9e2a3b1.jpg', '6b3a55e0261b0304143f805a24924d0c1c44524821305f31d9277843b8a10f4e', 'xchamplin@example.com', 'Id a ut labore qui voluptatem. Incidunt autem id nihil doloremque voluptatibus nisi. Qui nostrum quas quia.', 'n', 1, '2018-02-26 12:21:04', '2018-07-09 12:11:05');
INSERT INTO `USER` (`USER_ID`, `NAME`, `PROFILE_PICTURE`, `PW_HASH`, `EMAIL`, `BIO`, `EMAIL_VERIFIED_FLAG`, `PHONE_ID`, `CREATE_DATE`, `UPDATE_DATE`) VALUES (2, 'Cordell Prohaska', '/61925dba0194de8e6271d78ad3660a01.jpg', '6b3a55e0261b0304143f805a24924d0c1c44524821305f31d9277843b8a10f4e', 'shields.sincere@example.net', 'Incidunt maxime natus non qui itaque ut voluptates. Eligendi asperiores tempore reiciendis maiores nesciunt libero perspiciatis. Nihil pariatur tempora aut et nobis.', 'y', 2, '2019-05-27 19:36:06', '2017-09-01 19:17:48');
INSERT INTO `USER` (`USER_ID`, `NAME`, `PROFILE_PICTURE`, `PW_HASH`, `EMAIL`, `BIO`, `EMAIL_VERIFIED_FLAG`, `PHONE_ID`, `CREATE_DATE`, `UPDATE_DATE`) VALUES (3, 'Ferne Jenkins', '/8ba7a69c2a15a893e04529d838cb6ad2.jpg', '6b3a55e0261b0304143f805a24924d0c1c44524821305f31d9277843b8a10f4e', 'caden.bergnaum@example.net', 'Inventore aut corporis tempore recusandae aut. Saepe dolor qui maxime et magni accusamus reiciendis. Tenetur ab aut harum provident quidem.', 'y', 3, '2018-04-19 08:55:46', '2017-08-19 08:39:36');
INSERT INTO `USER` (`USER_ID`, `NAME`, `PROFILE_PICTURE`, `PW_HASH`, `EMAIL`, `BIO`, `EMAIL_VERIFIED_FLAG`, `PHONE_ID`, `CREATE_DATE`, `UPDATE_DATE`) VALUES (4, 'Mr. Misael Boyle DVM', '/c8347de1324f0c6810670a3026655ee0.jpg', '6b3a55e0261b0304143f805a24924d0c1c44524821305f31d9277843b8a10f4e', 'gcarter@example.org', 'Quasi quia beatae nam. Recusandae aut earum voluptas quia quis quis sunt. Veritatis occaecati quibusdam id quo incidunt amet distinctio voluptates. Dolore illo ut voluptate molestias.', 'n', 4, '2018-04-19 00:56:43', '2018-02-21 10:08:17');
INSERT INTO `USER` (`USER_ID`, `NAME`, `PROFILE_PICTURE`, `PW_HASH`, `EMAIL`, `BIO`, `EMAIL_VERIFIED_FLAG`, `PHONE_ID`, `CREATE_DATE`, `UPDATE_DATE`) VALUES (5, 'Prof. Edyth Block', '/41f26c50ac5ee3506af8d6f3052bd870.jpg', '6b3a55e0261b0304143f805a24924d0c1c44524821305f31d9277843b8a10f4e', 'swift.ervin@example.com', 'Ea qui corporis culpa laudantium alias. Id sed incidunt atque veritatis tempore vero eos quia. Quia voluptas quia quo aut sint. Quia in dolorem dolores voluptate atque ut omnis.', 'n', 5, '2016-06-19 03:45:27', '2018-05-09 10:29:53');
INSERT INTO `USER` (`USER_ID`, `NAME`, `PROFILE_PICTURE`, `PW_HASH`, `EMAIL`, `BIO`, `EMAIL_VERIFIED_FLAG`, `PHONE_ID`, `CREATE_DATE`, `UPDATE_DATE`) VALUES (6, 'Prof. Jensen Pacocha', '/d2066479c1fc8c8706292de118182e18.jpg', '6b3a55e0261b0304143f805a24924d0c1c44524821305f31d9277843b8a10f4e', 'alessandro11@example.com', 'Consequatur possimus est consequatur nobis modi quas. Dolores sunt eum dolorem molestias recusandae ipsum sequi ut. Rerum quam a ipsa eum laboriosam quam nobis.', 'n', 6, '2017-01-22 12:33:49', '2018-12-03 04:36:42');
INSERT INTO `USER` (`USER_ID`, `NAME`, `PROFILE_PICTURE`, `PW_HASH`, `EMAIL`, `BIO`, `EMAIL_VERIFIED_FLAG`, `PHONE_ID`, `CREATE_DATE`, `UPDATE_DATE`) VALUES (7, 'Bartholome Roberts', '/4fb823cd10f3e0bbc91c743f43a6a5bb.jpg', '6b3a55e0261b0304143f805a24924d0c1c44524821305f31d9277843b8a10f4e', 'fahey.henriette@example.org', 'Enim repellendus quis corrupti harum quia consequatur. Nostrum occaecati eum blanditiis architecto aliquid minus. Vitae in non qui omnis odio. Est quae neque et esse et placeat.', 'n', 7, '2019-01-13 19:10:42', '2018-12-07 11:51:58');
INSERT INTO `USER` (`USER_ID`, `NAME`, `PROFILE_PICTURE`, `PW_HASH`, `EMAIL`, `BIO`, `EMAIL_VERIFIED_FLAG`, `PHONE_ID`, `CREATE_DATE`, `UPDATE_DATE`) VALUES (8, 'Dayana Price', '/6b3be2df3034c88222fa5c136db6ca50.jpg', '6b3a55e0261b0304143f805a24924d0c1c44524821305f31d9277843b8a10f4e', 'zmoore@example.com', 'Nesciunt quia neque veritatis nihil sint. Quo hic accusantium consequatur. Nam error voluptatem placeat praesentium quae laudantium.', 'n', 8, '2017-08-24 15:47:37', '2017-10-01 06:39:24');
INSERT INTO `USER` (`USER_ID`, `NAME`, `PROFILE_PICTURE`, `PW_HASH`, `EMAIL`, `BIO`, `EMAIL_VERIFIED_FLAG`, `PHONE_ID`, `CREATE_DATE`, `UPDATE_DATE`) VALUES (9, 'Blanche Bauch', '/aadb2569db2bb1dbe24c5ed81e856c5a.jpg', '6b3a55e0261b0304143f805a24924d0c1c44524821305f31d9277843b8a10f4e', 'gschuppe@example.com', 'Qui quaerat nulla mollitia omnis laboriosam. Sapiente cupiditate modi consectetur natus molestiae. Tempora quia non sunt optio optio quo ratione.', 'n', 9, '2017-12-03 21:36:35', '2016-12-13 14:56:08');
INSERT INTO `USER` (`USER_ID`, `NAME`, `PROFILE_PICTURE`, `PW_HASH`, `EMAIL`, `BIO`, `EMAIL_VERIFIED_FLAG`, `PHONE_ID`, `CREATE_DATE`, `UPDATE_DATE`) VALUES (10, 'Mrs. Zelma Stamm', '/d6bba4cc740ac8de239b2db93862e3e4.jpg', '6b3a55e0261b0304143f805a24924d0c1c44524821305f31d9277843b8a10f4e', 'wzieme@example.com', 'Deserunt doloremque sit aut repudiandae quis. Blanditiis aut ut perspiciatis. Porro sit exercitationem voluptate rem. Praesentium nulla a ex.', 'n', 10, '2018-07-16 09:41:16', '2018-03-07 05:29:08');
INSERT INTO `USER` (`USER_ID`, `NAME`, `PROFILE_PICTURE`, `PW_HASH`, `EMAIL`, `BIO`, `EMAIL_VERIFIED_FLAG`, `PHONE_ID`, `CREATE_DATE`, `UPDATE_DATE`) VALUES (11, 'Colt Volkman', '/7203b90f7e0eece5adfa68238f4b6593.jpg', '6b3a55e0261b0304143f805a24924d0c1c44524821305f31d9277843b8a10f4e', 'suzanne.marks@example.net', 'Fugiat rerum impedit voluptatem esse eum. Dolor ducimus inventore corrupti. Est architecto iste nihil corrupti enim rerum rerum quo.', 'n', 11, '2017-07-25 00:34:29', '2016-10-24 09:23:39');
INSERT INTO `USER` (`USER_ID`, `NAME`, `PROFILE_PICTURE`, `PW_HASH`, `EMAIL`, `BIO`, `EMAIL_VERIFIED_FLAG`, `PHONE_ID`, `CREATE_DATE`, `UPDATE_DATE`) VALUES (12, 'Natalia Zboncak', '/4cd856ab2e0f65e843c7e46e5dc08d6c.jpg', '6b3a55e0261b0304143f805a24924d0c1c44524821305f31d9277843b8a10f4e', 'zshields@example.org', 'Culpa adipisci est et est occaecati quibusdam. Dolores optio quod mollitia voluptatem.', 'n', 12, '2019-05-17 15:01:36', '2017-05-15 11:19:14');
INSERT INTO `USER` (`USER_ID`, `NAME`, `PROFILE_PICTURE`, `PW_HASH`, `EMAIL`, `BIO`, `EMAIL_VERIFIED_FLAG`, `PHONE_ID`, `CREATE_DATE`, `UPDATE_DATE`) VALUES (13, 'Luciano Ledner MD', '/d0e487dcefc32adb202047e38f9685b9.jpg', '6b3a55e0261b0304143f805a24924d0c1c44524821305f31d9277843b8a10f4e', 'lhoppe@example.net', 'Aperiam commodi facilis eaque illo ipsa. Ut sapiente ex voluptatem officia veritatis neque. Voluptatibus alias suscipit beatae minus dolore eveniet.', 'y', 13, '2016-09-08 06:29:38', '2016-07-05 23:40:40');
INSERT INTO `USER` (`USER_ID`, `NAME`, `PROFILE_PICTURE`, `PW_HASH`, `EMAIL`, `BIO`, `EMAIL_VERIFIED_FLAG`, `PHONE_ID`, `CREATE_DATE`, `UPDATE_DATE`) VALUES (14, 'Dr. Shanie Kuhlman V', '/b2c139953fb2ff6239c146f985312f0e.jpg', '6b3a55e0261b0304143f805a24924d0c1c44524821305f31d9277843b8a10f4e', 'hrath@example.org', 'Sapiente repellat sapiente soluta et aut consequatur. Officia impedit minus ipsum tempora. Quo ipsum natus et voluptatem sint sit ratione.', 'n', 14, '2016-12-09 10:29:07', '2019-02-14 22:05:52');
INSERT INTO `USER` (`USER_ID`, `NAME`, `PROFILE_PICTURE`, `PW_HASH`, `EMAIL`, `BIO`, `EMAIL_VERIFIED_FLAG`, `PHONE_ID`, `CREATE_DATE`, `UPDATE_DATE`) VALUES (15, 'Alda Fahey', '/78d8a6c83b6703e04284b1545f176d42.jpg', '6b3a55e0261b0304143f805a24924d0c1c44524821305f31d9277843b8a10f4e', 'lklein@example.com', 'Doloribus aliquid saepe praesentium molestias beatae. Dolore fugit odio neque officiis. Soluta voluptas temporibus qui eos ab quae.', 'n', 15, '2017-07-19 21:34:45', '2017-08-28 06:16:15');
INSERT INTO `USER` (`USER_ID`, `NAME`, `PROFILE_PICTURE`, `PW_HASH`, `EMAIL`, `BIO`, `EMAIL_VERIFIED_FLAG`, `PHONE_ID`, `CREATE_DATE`, `UPDATE_DATE`) VALUES (16, 'Ms. Berneice Vandervort II', '/3ec027f55569cfc0433bc75afb68b229.jpg', '6b3a55e0261b0304143f805a24924d0c1c44524821305f31d9277843b8a10f4e', 'breitenberg.ryann@example.org', 'Explicabo ut id hic harum. Amet illo rerum consequatur cum dignissimos. Hic ipsam est molestiae beatae.', 'y', 16, '2016-06-21 14:33:01', '2016-11-06 14:11:16');
INSERT INTO `USER` (`USER_ID`, `NAME`, `PROFILE_PICTURE`, `PW_HASH`, `EMAIL`, `BIO`, `EMAIL_VERIFIED_FLAG`, `PHONE_ID`, `CREATE_DATE`, `UPDATE_DATE`) VALUES (17, 'Alycia Durgan', '/e10a2aaa6e1e8808767cb6f90511f5d7.jpg', '6b3a55e0261b0304143f805a24924d0c1c44524821305f31d9277843b8a10f4e', 'christian32@example.org', 'Dignissimos mollitia mollitia quisquam. Vel aut corporis aut asperiores consequuntur. Fugit officiis distinctio suscipit tenetur aut ducimus. Rerum qui soluta voluptatem incidunt ex nihil minus.', 'n', 17, '2018-06-05 16:24:03', '2016-10-22 21:48:59');
INSERT INTO `USER` (`USER_ID`, `NAME`, `PROFILE_PICTURE`, `PW_HASH`, `EMAIL`, `BIO`, `EMAIL_VERIFIED_FLAG`, `PHONE_ID`, `CREATE_DATE`, `UPDATE_DATE`) VALUES (18, 'Ramon Buckridge', '/9b18afe629cef6259b08afb5372451eb.jpg', '6b3a55e0261b0304143f805a24924d0c1c44524821305f31d9277843b8a10f4e', 'luis.erdman@example.net', 'Laboriosam autem alias nulla sed dolores dolore dolorum. Earum commodi soluta consectetur dolores voluptates. Quam et dignissimos tempora sed.', 'n', 18, '2016-08-04 08:28:43', '2018-04-23 19:20:48');
INSERT INTO `USER` (`USER_ID`, `NAME`, `PROFILE_PICTURE`, `PW_HASH`, `EMAIL`, `BIO`, `EMAIL_VERIFIED_FLAG`, `PHONE_ID`, `CREATE_DATE`, `UPDATE_DATE`) VALUES (19, 'Emery Rolfson', '/ddb003bd2da44db72e07c8c6e7b6265d.jpg', '6b3a55e0261b0304143f805a24924d0c1c44524821305f31d9277843b8a10f4e', 'xwatsica@example.com', 'Dolore porro beatae vel. Aut fuga asperiores et veritatis unde repellendus. Voluptatem natus sit velit aperiam numquam modi.', 'n', 19, '2018-12-24 04:04:29', '2018-08-09 09:00:39');
INSERT INTO `USER` (`USER_ID`, `NAME`, `PROFILE_PICTURE`, `PW_HASH`, `EMAIL`, `BIO`, `EMAIL_VERIFIED_FLAG`, `PHONE_ID`, `CREATE_DATE`, `UPDATE_DATE`) VALUES (20, 'Kyla Gaylord', '/9ea52c9f5efc7e1e58e30d6c2ff90aac.jpg', '6b3a55e0261b0304143f805a24924d0c1c44524821305f31d9277843b8a10f4e', 'ledner.amelia@example.org', 'Non et molestias porro. Est ratione corrupti quia rerum. Est nisi deleniti autem voluptates blanditiis quidem mollitia.', 'y', 20, '2018-09-26 22:09:45', '2018-11-05 08:03:22');
INSERT INTO `USER` (`USER_ID`, `NAME`, `PROFILE_PICTURE`, `PW_HASH`, `EMAIL`, `BIO`, `EMAIL_VERIFIED_FLAG`, `PHONE_ID`, `CREATE_DATE`, `UPDATE_DATE`) VALUES (21, 'Sigrid Waelchi', '/0322f3e3f6c84ecb88e1763459fcb66b.jpg', '6b3a55e0261b0304143f805a24924d0c1c44524821305f31d9277843b8a10f4e', 'rohan.elroy@example.org', 'Architecto soluta ad qui et. Amet dicta et veritatis est aut minus voluptas. Minus accusantium eum quis fuga quia quidem modi.', 'y', 21, '2016-09-27 17:58:14', '2017-05-27 20:33:35');
INSERT INTO `USER` (`USER_ID`, `NAME`, `PROFILE_PICTURE`, `PW_HASH`, `EMAIL`, `BIO`, `EMAIL_VERIFIED_FLAG`, `PHONE_ID`, `CREATE_DATE`, `UPDATE_DATE`) VALUES (22, 'Janae Prohaska', '/068d79c1967aabb15dc721a672ee0592.jpg', '6b3a55e0261b0304143f805a24924d0c1c44524821305f31d9277843b8a10f4e', 'darrion08@example.com', 'Quas quo recusandae sint. Laborum incidunt vero eligendi animi perferendis rem consectetur rerum. Unde quasi vitae enim doloremque.', 'y', 22, '2016-10-19 03:58:50', '2016-12-27 02:43:09');
INSERT INTO `USER` (`USER_ID`, `NAME`, `PROFILE_PICTURE`, `PW_HASH`, `EMAIL`, `BIO`, `EMAIL_VERIFIED_FLAG`, `PHONE_ID`, `CREATE_DATE`, `UPDATE_DATE`) VALUES (23, 'Magdalen Schinner', '/76f22b22d41f3799a4380d7dff996058.jpg', '6b3a55e0261b0304143f805a24924d0c1c44524821305f31d9277843b8a10f4e', 'sheridan19@example.com', 'Nesciunt adipisci omnis minus dolore impedit. Quidem vero a at ipsam distinctio voluptas. Nihil qui dolore tempora blanditiis. Quia quae reiciendis dolore ut optio.', 'y', 23, '2017-05-26 02:51:31', '2019-04-11 15:23:58');
INSERT INTO `USER` (`USER_ID`, `NAME`, `PROFILE_PICTURE`, `PW_HASH`, `EMAIL`, `BIO`, `EMAIL_VERIFIED_FLAG`, `PHONE_ID`, `CREATE_DATE`, `UPDATE_DATE`) VALUES (24, 'Callie Thiel Jr.', '/49eed163f6e26f282bd6d2655222c429.jpg', '6b3a55e0261b0304143f805a24924d0c1c44524821305f31d9277843b8a10f4e', 'marquardt.garfield@example.org', 'Enim velit sit quis. Alias nihil facilis a veniam maxime culpa. Incidunt eaque aut provident est explicabo modi earum autem. Nihil a quasi quas.', 'y', 24, '2017-03-05 14:07:23', '2019-03-18 07:58:41');
INSERT INTO `USER` (`USER_ID`, `NAME`, `PROFILE_PICTURE`, `PW_HASH`, `EMAIL`, `BIO`, `EMAIL_VERIFIED_FLAG`, `PHONE_ID`, `CREATE_DATE`, `UPDATE_DATE`) VALUES (25, 'Ms. Leta Jones MD', '/da7400cab7fb8c99545ded8fbc573d04.jpg', '6b3a55e0261b0304143f805a24924d0c1c44524821305f31d9277843b8a10f4e', 'erdman.bianka@example.com', 'Voluptatem sapiente repellendus quia in rerum placeat. Laudantium amet et nemo cum fugiat numquam et. Aut voluptatum soluta totam velit aut voluptas. Voluptas dolores nisi id.', 'n', 25, '2018-01-05 05:26:43', '2016-12-14 15:46:41');
INSERT INTO `USER` (`USER_ID`, `NAME`, `PROFILE_PICTURE`, `PW_HASH`, `EMAIL`, `BIO`, `EMAIL_VERIFIED_FLAG`, `PHONE_ID`, `CREATE_DATE`, `UPDATE_DATE`) VALUES (26, 'Guy Brakus V', '/2b629332384c574c97302b333ffc31c0.jpg', '6b3a55e0261b0304143f805a24924d0c1c44524821305f31d9277843b8a10f4e', 'lyla.roob@example.com', 'Doloremque debitis blanditiis tempora in quibusdam. Et laborum molestiae doloribus est ipsa quas. Vero consequuntur quia velit beatae natus voluptas modi consequuntur.', 'n', 26, '2019-04-20 02:24:32', '2018-01-17 17:19:05');
INSERT INTO `USER` (`USER_ID`, `NAME`, `PROFILE_PICTURE`, `PW_HASH`, `EMAIL`, `BIO`, `EMAIL_VERIFIED_FLAG`, `PHONE_ID`, `CREATE_DATE`, `UPDATE_DATE`) VALUES (27, 'Herminia Marks', '/18497b7c85f1341f24b21dbe44f3881a.jpg', '6b3a55e0261b0304143f805a24924d0c1c44524821305f31d9277843b8a10f4e', 'randall.dare@example.org', 'Repellendus ipsa ab ut et. Eos vel eos voluptas distinctio modi odit quam. Sed qui modi accusantium eveniet ut ut.', 'y', 27, '2016-06-27 06:39:11', '2017-06-20 07:13:41');
INSERT INTO `USER` (`USER_ID`, `NAME`, `PROFILE_PICTURE`, `PW_HASH`, `EMAIL`, `BIO`, `EMAIL_VERIFIED_FLAG`, `PHONE_ID`, `CREATE_DATE`, `UPDATE_DATE`) VALUES (28, 'Clare Thiel', '/4b739b5023cde40caee3528846f7af4a.jpg', '6b3a55e0261b0304143f805a24924d0c1c44524821305f31d9277843b8a10f4e', 'dejon55@example.com', 'Sequi nemo doloremque et. Porro blanditiis ullam sed est. Aut velit saepe voluptates minima eum minus.', 'y', 28, '2017-07-23 16:16:51', '2016-11-30 02:55:25');
INSERT INTO `USER` (`USER_ID`, `NAME`, `PROFILE_PICTURE`, `PW_HASH`, `EMAIL`, `BIO`, `EMAIL_VERIFIED_FLAG`, `PHONE_ID`, `CREATE_DATE`, `UPDATE_DATE`) VALUES (29, 'Aron Bruen', '/80de217164a85d904e4632f318e6a90e.jpg', '6b3a55e0261b0304143f805a24924d0c1c44524821305f31d9277843b8a10f4e', 'hegmann.pedro@example.com', 'Reiciendis eveniet reiciendis veritatis voluptatum corrupti. In unde accusamus autem itaque quia. Suscipit amet consectetur ad autem. Odio et illum illo mollitia facilis.', 'n', 29, '2018-05-10 16:59:40', '2018-07-21 11:45:37');
INSERT INTO `USER` (`USER_ID`, `NAME`, `PROFILE_PICTURE`, `PW_HASH`, `EMAIL`, `BIO`, `EMAIL_VERIFIED_FLAG`, `PHONE_ID`, `CREATE_DATE`, `UPDATE_DATE`) VALUES (30, 'Fiona Hickle', '/824bf684d52729dc1ed67892522098e2.jpg', '6b3a55e0261b0304143f805a24924d0c1c44524821305f31d9277843b8a10f4e', 'scot.lang@example.net', 'Totam similique rem ipsa est enim ipsa. Eum vel et voluptatum odio voluptates accusamus illum. Nesciunt ipsam minus ipsum est. Iusto quo doloribus qui nihil.', 'n', 30, '2016-08-25 18:23:30', '2017-06-23 02:30:23');
INSERT INTO `USER` (`USER_ID`, `NAME`, `PROFILE_PICTURE`, `PW_HASH`, `EMAIL`, `BIO`, `EMAIL_VERIFIED_FLAG`, `PHONE_ID`, `CREATE_DATE`, `UPDATE_DATE`) VALUES (31, 'Jerry Pfeffer PhD', '/8ca02b58e95e7891266e24334216b79d.jpg', '6b3a55e0261b0304143f805a24924d0c1c44524821305f31d9277843b8a10f4e', 'katheryn53@example.org', 'Dolor eum debitis hic sed. Aut debitis veniam vel consequatur minus maiores similique. Vero non quisquam nulla ut sed ipsum et.', 'n', 31, '2019-02-13 22:59:38', '2016-12-24 12:13:09');
INSERT INTO `USER` (`USER_ID`, `NAME`, `PROFILE_PICTURE`, `PW_HASH`, `EMAIL`, `BIO`, `EMAIL_VERIFIED_FLAG`, `PHONE_ID`, `CREATE_DATE`, `UPDATE_DATE`) VALUES (32, 'Darby Towne V', '/381518eb6914e3f0a53ef83ee5d05602.jpg', '6b3a55e0261b0304143f805a24924d0c1c44524821305f31d9277843b8a10f4e', 'annie.witting@example.org', 'Temporibus odio reiciendis cupiditate voluptas excepturi voluptatem praesentium. Ex adipisci itaque consectetur et autem sapiente ad. Aspernatur minima accusantium quia quam impedit rerum.', 'y', 32, '2017-10-28 07:30:38', '2018-08-27 22:22:18');
INSERT INTO `USER` (`USER_ID`, `NAME`, `PROFILE_PICTURE`, `PW_HASH`, `EMAIL`, `BIO`, `EMAIL_VERIFIED_FLAG`, `PHONE_ID`, `CREATE_DATE`, `UPDATE_DATE`) VALUES (33, 'Missouri Stokes', '/bc515f589a42b5da61c485e51ab4465b.jpg', '6b3a55e0261b0304143f805a24924d0c1c44524821305f31d9277843b8a10f4e', 'joshua37@example.org', 'Nemo cumque vel nesciunt ullam quod. Aperiam sed culpa vel libero et recusandae voluptates fugiat. Eaque laborum et aut assumenda.', 'y', 33, '2018-05-23 21:34:52', '2017-01-19 10:32:08');
INSERT INTO `USER` (`USER_ID`, `NAME`, `PROFILE_PICTURE`, `PW_HASH`, `EMAIL`, `BIO`, `EMAIL_VERIFIED_FLAG`, `PHONE_ID`, `CREATE_DATE`, `UPDATE_DATE`) VALUES (34, 'Prof. Roma Mraz PhD', '/1966d75ca3dfe5714e66671e0061dce3.jpg', '6b3a55e0261b0304143f805a24924d0c1c44524821305f31d9277843b8a10f4e', 'giovani.schmidt@example.com', 'Rerum unde commodi eius molestiae blanditiis. Veritatis est voluptas et assumenda. Nemo ullam eos occaecati quam. Qui aut iure porro ab.', 'n', 34, '2017-10-12 12:40:20', '2017-04-23 18:59:14');
INSERT INTO `USER` (`USER_ID`, `NAME`, `PROFILE_PICTURE`, `PW_HASH`, `EMAIL`, `BIO`, `EMAIL_VERIFIED_FLAG`, `PHONE_ID`, `CREATE_DATE`, `UPDATE_DATE`) VALUES (35, 'Leonardo Baumbach IV', '/8191da20597e0b6a8490c93ae290841c.jpg', '6b3a55e0261b0304143f805a24924d0c1c44524821305f31d9277843b8a10f4e', 'jaylan88@example.com', 'Inventore molestias qui odit voluptatem eaque velit. Sint atque maiores quo et ut ullam. Repellat quaerat dolores sit quibusdam nulla.', 'n', 35, '2017-02-17 06:05:09', '2017-06-09 01:13:30');
INSERT INTO `USER` (`USER_ID`, `NAME`, `PROFILE_PICTURE`, `PW_HASH`, `EMAIL`, `BIO`, `EMAIL_VERIFIED_FLAG`, `PHONE_ID`, `CREATE_DATE`, `UPDATE_DATE`) VALUES (36, 'Alec Breitenberg', '/2db838b1834a6e8d4d6ac2db66104cfe.jpg', '6b3a55e0261b0304143f805a24924d0c1c44524821305f31d9277843b8a10f4e', 'malcolm55@example.net', 'Recusandae et doloribus minima. Quisquam illum beatae modi atque et quia. Voluptatem aliquam et ea. Eligendi ea doloribus ut esse. Tempore itaque voluptate temporibus expedita deleniti nostrum culpa.', 'n', 36, '2016-09-18 16:30:01', '2017-10-10 08:05:27');
INSERT INTO `USER` (`USER_ID`, `NAME`, `PROFILE_PICTURE`, `PW_HASH`, `EMAIL`, `BIO`, `EMAIL_VERIFIED_FLAG`, `PHONE_ID`, `CREATE_DATE`, `UPDATE_DATE`) VALUES (37, 'Dr. Ray Labadie II', '/303faafa2911f37414dca593c59c0fbe.jpg', '6b3a55e0261b0304143f805a24924d0c1c44524821305f31d9277843b8a10f4e', 'pfannerstill.aisha@example.net', 'Praesentium voluptates est iusto et libero dolor repellendus. Possimus vel voluptatibus quia saepe dolores. Sint nihil laudantium aperiam a ipsa.', 'n', 37, '2016-09-22 16:22:38', '2016-08-02 12:16:46');
INSERT INTO `USER` (`USER_ID`, `NAME`, `PROFILE_PICTURE`, `PW_HASH`, `EMAIL`, `BIO`, `EMAIL_VERIFIED_FLAG`, `PHONE_ID`, `CREATE_DATE`, `UPDATE_DATE`) VALUES (38, 'Mr. Kendall Turner I', '/60a7209c96d7b0edf2f9c5372e664371.jpg', '6b3a55e0261b0304143f805a24924d0c1c44524821305f31d9277843b8a10f4e', 'loma.torphy@example.com', 'Dolorem facere alias sed sint. Quia consectetur placeat necessitatibus et doloremque a. Qui ratione quidem vel eaque perspiciatis autem magnam.', 'y', 38, '2017-10-31 22:20:09', '2017-11-24 23:39:51');
INSERT INTO `USER` (`USER_ID`, `NAME`, `PROFILE_PICTURE`, `PW_HASH`, `EMAIL`, `BIO`, `EMAIL_VERIFIED_FLAG`, `PHONE_ID`, `CREATE_DATE`, `UPDATE_DATE`) VALUES (39, 'Candida Renner', '/3a013f5cef49edc2d98dec2c93e542b5.jpg', '6b3a55e0261b0304143f805a24924d0c1c44524821305f31d9277843b8a10f4e', 'marcos74@example.org', 'Rem et cupiditate molestiae est eaque omnis. Est eum esse expedita. Omnis necessitatibus aliquid ipsa molestiae fugit voluptatum.', 'y', 39, '2016-09-25 22:21:00', '2019-04-05 07:58:10');
INSERT INTO `USER` (`USER_ID`, `NAME`, `PROFILE_PICTURE`, `PW_HASH`, `EMAIL`, `BIO`, `EMAIL_VERIFIED_FLAG`, `PHONE_ID`, `CREATE_DATE`, `UPDATE_DATE`) VALUES (40, 'Kristoffer Ullrich', '/da5c200b9ab6d2d7f6e20b4c7a2f3aa2.jpg', '6b3a55e0261b0304143f805a24924d0c1c44524821305f31d9277843b8a10f4e', 'jschuppe@example.org', 'Molestiae necessitatibus autem quasi porro sit repudiandae. Voluptas sit sed repellendus earum ex recusandae. Provident fugiat incidunt exercitationem ut. Quos natus et enim veritatis perferendis.', 'n', 40, '2017-09-01 21:33:05', '2016-07-14 12:26:51');
INSERT INTO `USER` (`USER_ID`, `NAME`, `PROFILE_PICTURE`, `PW_HASH`, `EMAIL`, `BIO`, `EMAIL_VERIFIED_FLAG`, `PHONE_ID`, `CREATE_DATE`, `UPDATE_DATE`) VALUES (41, 'Kraig Lehner', '/bde458face722e241a8ef0babc0b78a9.jpg', '6b3a55e0261b0304143f805a24924d0c1c44524821305f31d9277843b8a10f4e', 'sratke@example.com', 'Ut sapiente natus consequatur dolores vel. Impedit sit unde ut aut debitis. Eligendi ipsam quae voluptas nobis voluptatum tempore et.', 'n', 41, '2017-04-10 04:40:02', '2018-03-29 21:22:50');
INSERT INTO `USER` (`USER_ID`, `NAME`, `PROFILE_PICTURE`, `PW_HASH`, `EMAIL`, `BIO`, `EMAIL_VERIFIED_FLAG`, `PHONE_ID`, `CREATE_DATE`, `UPDATE_DATE`) VALUES (42, 'Pearl Pfeffer MD', '/1aa9c575b1a4f4d1677e544baa8d7d04.jpg', '6b3a55e0261b0304143f805a24924d0c1c44524821305f31d9277843b8a10f4e', 'ramiro.schoen@example.org', 'Non qui quaerat dicta asperiores excepturi aut rerum. Ut velit et nobis tempora similique qui repellat.', 'y', 42, '2017-08-19 09:55:49', '2016-08-29 03:39:40');
INSERT INTO `USER` (`USER_ID`, `NAME`, `PROFILE_PICTURE`, `PW_HASH`, `EMAIL`, `BIO`, `EMAIL_VERIFIED_FLAG`, `PHONE_ID`, `CREATE_DATE`, `UPDATE_DATE`) VALUES (43, 'Prof. Ted Mayert', '/68be122bc1927dc9879acbdb995ac252.jpg', '6b3a55e0261b0304143f805a24924d0c1c44524821305f31d9277843b8a10f4e', 'lueilwitz.kiera@example.com', 'Commodi maiores sit facilis dolores neque voluptate fugit omnis. Quisquam expedita ad id vitae. Odit minus voluptatem aut ad qui earum aut.', 'y', 43, '2019-01-31 17:15:05', '2018-03-18 07:25:19');
INSERT INTO `USER` (`USER_ID`, `NAME`, `PROFILE_PICTURE`, `PW_HASH`, `EMAIL`, `BIO`, `EMAIL_VERIFIED_FLAG`, `PHONE_ID`, `CREATE_DATE`, `UPDATE_DATE`) VALUES (44, 'Kiley Eichmann', '/ef34fbf374b603af18dc9effce3eb726.jpg', '6b3a55e0261b0304143f805a24924d0c1c44524821305f31d9277843b8a10f4e', 'twaters@example.com', 'Doloremque ut facere deleniti totam porro corporis illo. Rem in eligendi aspernatur debitis. Sed et possimus similique itaque est. Soluta a maxime omnis.', 'y', 44, '2016-11-15 16:31:09', '2018-06-20 06:24:25');
INSERT INTO `USER` (`USER_ID`, `NAME`, `PROFILE_PICTURE`, `PW_HASH`, `EMAIL`, `BIO`, `EMAIL_VERIFIED_FLAG`, `PHONE_ID`, `CREATE_DATE`, `UPDATE_DATE`) VALUES (45, 'Tierra Volkman', '/95b3a9eb4422c3b5a9c8363bcced3787.jpg', '6b3a55e0261b0304143f805a24924d0c1c44524821305f31d9277843b8a10f4e', 'greenholt.zakary@example.com', 'Iste tenetur atque sed non et facere. Aliquid sit accusamus qui. Dolorem dolor exercitationem ea facilis voluptatem facere. Autem rerum adipisci saepe qui eligendi.', 'y', 45, '2018-10-19 03:51:36', '2017-05-19 09:51:16');
INSERT INTO `USER` (`USER_ID`, `NAME`, `PROFILE_PICTURE`, `PW_HASH`, `EMAIL`, `BIO`, `EMAIL_VERIFIED_FLAG`, `PHONE_ID`, `CREATE_DATE`, `UPDATE_DATE`) VALUES (46, 'Prof. Isidro Nader', '/eec631ce6829436ca5bf4b20fb819aac.jpg', '6b3a55e0261b0304143f805a24924d0c1c44524821305f31d9277843b8a10f4e', 'bernadette28@example.net', 'Labore ipsum facere dolor culpa et. Rerum assumenda qui ut et. Magni ad harum sit et voluptatem. Excepturi aut voluptas qui eaque accusamus nulla.', 'y', 46, '2017-01-15 06:54:48', '2016-08-12 04:36:05');
INSERT INTO `USER` (`USER_ID`, `NAME`, `PROFILE_PICTURE`, `PW_HASH`, `EMAIL`, `BIO`, `EMAIL_VERIFIED_FLAG`, `PHONE_ID`, `CREATE_DATE`, `UPDATE_DATE`) VALUES (47, 'Ms. Alysa Torphy III', '/40d64a7f0b34ad857116e8475fab4575.jpg', '6b3a55e0261b0304143f805a24924d0c1c44524821305f31d9277843b8a10f4e', 'khalid.bartell@example.net', 'Inventore repellendus maiores non aliquam sunt sint. Sit sequi quia deserunt doloremque labore ut. Est ut odit quos eaque earum provident iste.', 'y', 47, '2018-09-04 08:22:57', '2017-03-12 03:18:02');
INSERT INTO `USER` (`USER_ID`, `NAME`, `PROFILE_PICTURE`, `PW_HASH`, `EMAIL`, `BIO`, `EMAIL_VERIFIED_FLAG`, `PHONE_ID`, `CREATE_DATE`, `UPDATE_DATE`) VALUES (48, 'Missouri Schumm', '/14084daf995aa5fe4ce65bc7c64caa07.jpg', '6b3a55e0261b0304143f805a24924d0c1c44524821305f31d9277843b8a10f4e', 'vcarter@example.org', 'Sint voluptas ut odio saepe voluptas incidunt placeat. Et modi minima sed ut et veniam et. Aspernatur iusto in omnis et corrupti sunt in.', 'n', 48, '2018-01-02 15:37:36', '2017-12-23 15:26:35');
INSERT INTO `USER` (`USER_ID`, `NAME`, `PROFILE_PICTURE`, `PW_HASH`, `EMAIL`, `BIO`, `EMAIL_VERIFIED_FLAG`, `PHONE_ID`, `CREATE_DATE`, `UPDATE_DATE`) VALUES (49, 'Viva Christiansen', '/430f76f06883889dcfab3237dafd6c43.jpg', '6b3a55e0261b0304143f805a24924d0c1c44524821305f31d9277843b8a10f4e', 'baumbach.cathrine@example.org', 'Nisi qui qui deserunt hic sit assumenda autem. Dolor voluptas consequuntur sed voluptatum vel incidunt et consequatur. Dolor id consequatur aut magnam laudantium.', 'n', 49, '2016-10-29 01:30:35', '2018-06-12 10:42:52');
INSERT INTO `USER` (`USER_ID`, `NAME`, `PROFILE_PICTURE`, `PW_HASH`, `EMAIL`, `BIO`, `EMAIL_VERIFIED_FLAG`, `PHONE_ID`, `CREATE_DATE`, `UPDATE_DATE`) VALUES (50, 'Ms. Kenyatta Windler Jr.', '/ccd4ba53b18ebe95483dbda795ae69be.jpg', '6b3a55e0261b0304143f805a24924d0c1c44524821305f31d9277843b8a10f4e', 'zthompson@example.com', 'Voluptatem numquam doloremque accusamus praesentium vel dolorem qui. Totam id vel iste totam recusandae.', 'n', 50, '2017-08-20 00:00:26', '2017-07-09 14:12:50');
INSERT INTO `USER` (`USER_ID`, `NAME`, `PROFILE_PICTURE`, `PW_HASH`, `EMAIL`, `BIO`, `EMAIL_VERIFIED_FLAG`, `PHONE_ID`, `CREATE_DATE`, `UPDATE_DATE`) VALUES (51, 'Kiarra O\'Keefe', '/5bf805776379aff0e393164cb0ece678.jpg', '6b3a55e0261b0304143f805a24924d0c1c44524821305f31d9277843b8a10f4e', 'manley18@example.com', 'Ut minima corrupti omnis earum sapiente. Fugit sed a pariatur. Ipsum eligendi nihil tempore ex.', 'y', 51, '2019-05-01 22:08:14', '2017-05-30 08:58:02');
INSERT INTO `USER` (`USER_ID`, `NAME`, `PROFILE_PICTURE`, `PW_HASH`, `EMAIL`, `BIO`, `EMAIL_VERIFIED_FLAG`, `PHONE_ID`, `CREATE_DATE`, `UPDATE_DATE`) VALUES (52, 'Letha Wisoky', '/f7e357cb230e94404f7bbda8501ef696.jpg', '6b3a55e0261b0304143f805a24924d0c1c44524821305f31d9277843b8a10f4e', 'wsawayn@example.org', 'Qui atque et est aut. Quos dolor ut aut iure eos alias. Ex quisquam voluptate molestiae eos ea reiciendis sint eaque. Iusto quia tempore et in sit consequatur non. Fuga neque et suscipit est qui.', 'y', 52, '2016-07-31 21:21:08', '2019-05-07 21:57:51');
INSERT INTO `USER` (`USER_ID`, `NAME`, `PROFILE_PICTURE`, `PW_HASH`, `EMAIL`, `BIO`, `EMAIL_VERIFIED_FLAG`, `PHONE_ID`, `CREATE_DATE`, `UPDATE_DATE`) VALUES (53, 'Dr. Minnie Kuphal Jr.', '/7a7bfaac68a85878a5e667613d611564.jpg', '6b3a55e0261b0304143f805a24924d0c1c44524821305f31d9277843b8a10f4e', 'erich.oberbrunner@example.org', 'Laborum et eligendi consequuntur aut. Aliquam alias consectetur odit maiores.\nEx quia tempora eos quis numquam voluptas. Neque velit est quia dolore similique. Officia dolore iste perferendis.', 'n', 53, '2019-02-25 22:49:55', '2017-02-03 13:27:41');
INSERT INTO `USER` (`USER_ID`, `NAME`, `PROFILE_PICTURE`, `PW_HASH`, `EMAIL`, `BIO`, `EMAIL_VERIFIED_FLAG`, `PHONE_ID`, `CREATE_DATE`, `UPDATE_DATE`) VALUES (54, 'Kenyatta Bins', '/55e129ef4fb9e9bea3eeda7a20d43187.jpg', '6b3a55e0261b0304143f805a24924d0c1c44524821305f31d9277843b8a10f4e', 'colton.walker@example.org', 'Beatae ducimus reprehenderit sit debitis qui ut. Rem consequatur atque ut quia qui tempora et distinctio. Quibusdam eveniet tempora dignissimos ad doloremque.', 'y', 54, '2018-04-29 02:44:47', '2019-03-09 08:00:40');
INSERT INTO `USER` (`USER_ID`, `NAME`, `PROFILE_PICTURE`, `PW_HASH`, `EMAIL`, `BIO`, `EMAIL_VERIFIED_FLAG`, `PHONE_ID`, `CREATE_DATE`, `UPDATE_DATE`) VALUES (55, 'Dr. Bell Kertzmann', '/bd89925caa8d45ea50a004e124bbcdb1.jpg', '6b3a55e0261b0304143f805a24924d0c1c44524821305f31d9277843b8a10f4e', 'bernier.ozella@example.org', 'In debitis qui sint quibusdam. Magni perferendis quod praesentium debitis nesciunt fugit. Aliquam sed nemo omnis pariatur ipsa exercitationem.', 'n', 55, '2016-07-09 00:16:14', '2018-06-18 09:24:32');
INSERT INTO `USER` (`USER_ID`, `NAME`, `PROFILE_PICTURE`, `PW_HASH`, `EMAIL`, `BIO`, `EMAIL_VERIFIED_FLAG`, `PHONE_ID`, `CREATE_DATE`, `UPDATE_DATE`) VALUES (56, 'Oral Hilll', '/4530f1cc3a066b47f45e4b73d8dcb9fa.jpg', '6b3a55e0261b0304143f805a24924d0c1c44524821305f31d9277843b8a10f4e', 'wilkinson.tanya@example.org', 'Officia enim in aut ea. Molestias aut sed voluptate. At nostrum laboriosam fugiat rem eius.', 'n', 56, '2016-08-25 04:23:06', '2018-11-27 23:11:34');
INSERT INTO `USER` (`USER_ID`, `NAME`, `PROFILE_PICTURE`, `PW_HASH`, `EMAIL`, `BIO`, `EMAIL_VERIFIED_FLAG`, `PHONE_ID`, `CREATE_DATE`, `UPDATE_DATE`) VALUES (57, 'Lorena Rau', '/d6c1273ef2ebc04eddbc6052e13314c7.jpg', '6b3a55e0261b0304143f805a24924d0c1c44524821305f31d9277843b8a10f4e', 'dillon.mraz@example.com', 'Voluptas id sint similique eius eveniet nihil. Repellat amet cupiditate architecto natus. Beatae maxime alias quia optio earum ratione.', 'n', 57, '2016-06-29 01:04:23', '2016-12-17 11:40:35');
INSERT INTO `USER` (`USER_ID`, `NAME`, `PROFILE_PICTURE`, `PW_HASH`, `EMAIL`, `BIO`, `EMAIL_VERIFIED_FLAG`, `PHONE_ID`, `CREATE_DATE`, `UPDATE_DATE`) VALUES (58, 'Rubie Bailey IV', '/a538331324b993844bab8a8f1ac234ab.jpg', '6b3a55e0261b0304143f805a24924d0c1c44524821305f31d9277843b8a10f4e', 'elvis89@example.com', 'Maiores quo officia dolor. Sunt alias ex odit reprehenderit aut fuga. Et consequatur maiores incidunt consequatur vel tenetur suscipit. Porro molestias atque non velit.', 'n', 58, '2019-03-25 02:19:54', '2017-02-18 06:13:31');
INSERT INTO `USER` (`USER_ID`, `NAME`, `PROFILE_PICTURE`, `PW_HASH`, `EMAIL`, `BIO`, `EMAIL_VERIFIED_FLAG`, `PHONE_ID`, `CREATE_DATE`, `UPDATE_DATE`) VALUES (59, 'Tressa Gusikowski Sr.', '/2c57aff1ef5718a93ff434fc12db882d.jpg', '6b3a55e0261b0304143f805a24924d0c1c44524821305f31d9277843b8a10f4e', 'rdach@example.net', 'Assumenda sapiente labore numquam. Velit aspernatur quibusdam voluptatem et id enim. Fugit aut ipsam ut distinctio mollitia rem omnis.', 'y', 59, '2017-12-15 12:01:02', '2018-02-04 17:50:12');
INSERT INTO `USER` (`USER_ID`, `NAME`, `PROFILE_PICTURE`, `PW_HASH`, `EMAIL`, `BIO`, `EMAIL_VERIFIED_FLAG`, `PHONE_ID`, `CREATE_DATE`, `UPDATE_DATE`) VALUES (60, 'Dr. Sarai Koepp', '/fab645f84d947f1a6fa36fd5c447cc38.jpg', '6b3a55e0261b0304143f805a24924d0c1c44524821305f31d9277843b8a10f4e', 'rodolfo66@example.com', 'Adipisci ut magni mollitia dolorum. Ea repellendus omnis impedit. Quae eos quaerat perferendis accusamus soluta. Eos ut omnis minus eum nihil quae.', 'y', 60, '2017-12-15 11:27:31', '2018-05-18 05:22:57');
INSERT INTO `USER` (`USER_ID`, `NAME`, `PROFILE_PICTURE`, `PW_HASH`, `EMAIL`, `BIO`, `EMAIL_VERIFIED_FLAG`, `PHONE_ID`, `CREATE_DATE`, `UPDATE_DATE`) VALUES (61, 'Dr. Rachael Jacobson', '/4bd261d156bd192794bda66545c33b7e.jpg', '6b3a55e0261b0304143f805a24924d0c1c44524821305f31d9277843b8a10f4e', 'heichmann@example.org', 'Qui provident eos reiciendis facere et cumque eligendi. Quo et porro laboriosam consequatur quos aut. Illo aspernatur sit aut asperiores non. Et deserunt corrupti quia non ex officiis id.', 'y', 61, '2016-09-16 04:53:41', '2016-09-26 21:32:14');
INSERT INTO `USER` (`USER_ID`, `NAME`, `PROFILE_PICTURE`, `PW_HASH`, `EMAIL`, `BIO`, `EMAIL_VERIFIED_FLAG`, `PHONE_ID`, `CREATE_DATE`, `UPDATE_DATE`) VALUES (62, 'Dr. Mauricio Hand PhD', '/4d0f5e46932a4271059eeb5cc992a730.jpg', '6b3a55e0261b0304143f805a24924d0c1c44524821305f31d9277843b8a10f4e', 'hagenes.abbie@example.com', 'Provident molestias consequatur nesciunt soluta. Nulla tempore dignissimos facilis explicabo. Unde nostrum aut fugiat ut ut ducimus. In dolores error rem aut reprehenderit aliquid.', 'n', 62, '2018-05-23 23:09:52', '2019-01-03 18:41:52');
INSERT INTO `USER` (`USER_ID`, `NAME`, `PROFILE_PICTURE`, `PW_HASH`, `EMAIL`, `BIO`, `EMAIL_VERIFIED_FLAG`, `PHONE_ID`, `CREATE_DATE`, `UPDATE_DATE`) VALUES (63, 'Elvis Cremin', '/95d286ccd63d2c9e7421b7b1e180b397.jpg', '6b3a55e0261b0304143f805a24924d0c1c44524821305f31d9277843b8a10f4e', 'benton.braun@example.org', 'Nemo et earum aut qui. Eos odit modi consequatur laboriosam non sed earum. Voluptatibus ducimus quisquam temporibus laborum.', 'y', 63, '2017-04-01 00:25:50', '2017-08-03 02:02:05');
INSERT INTO `USER` (`USER_ID`, `NAME`, `PROFILE_PICTURE`, `PW_HASH`, `EMAIL`, `BIO`, `EMAIL_VERIFIED_FLAG`, `PHONE_ID`, `CREATE_DATE`, `UPDATE_DATE`) VALUES (64, 'Prof. Cullen Renner III', '/17b1efffceaf35b8b9dfdc5279ff0b79.jpg', '6b3a55e0261b0304143f805a24924d0c1c44524821305f31d9277843b8a10f4e', 'xrolfson@example.net', 'Odio et hic fugiat voluptatem. Vel numquam autem reiciendis ea laborum omnis ex. Ut sit similique sapiente autem. Voluptatem nihil in ut debitis quis vel eos.', 'n', 64, '2017-08-28 07:26:43', '2018-05-29 01:29:35');
INSERT INTO `USER` (`USER_ID`, `NAME`, `PROFILE_PICTURE`, `PW_HASH`, `EMAIL`, `BIO`, `EMAIL_VERIFIED_FLAG`, `PHONE_ID`, `CREATE_DATE`, `UPDATE_DATE`) VALUES (65, 'Trudie Bruen', '/14d3cec3b09051ef39f1e2e9fe44b880.jpg', '6b3a55e0261b0304143f805a24924d0c1c44524821305f31d9277843b8a10f4e', 'kuphal.prince@example.com', 'Et ipsum assumenda eligendi. Aut vero similique eum. Quia nobis saepe suscipit sint quas. In aut praesentium iusto impedit aspernatur.', 'n', 65, '2017-06-01 07:34:17', '2017-04-15 03:29:12');
INSERT INTO `USER` (`USER_ID`, `NAME`, `PROFILE_PICTURE`, `PW_HASH`, `EMAIL`, `BIO`, `EMAIL_VERIFIED_FLAG`, `PHONE_ID`, `CREATE_DATE`, `UPDATE_DATE`) VALUES (66, 'Christ Moore', '/a84d90d82f44603fd212501c8c510616.jpg', '6b3a55e0261b0304143f805a24924d0c1c44524821305f31d9277843b8a10f4e', 'botsford.kathlyn@example.org', 'Quod odio minus rerum. Dolores placeat illum molestias. Incidunt officiis perferendis porro itaque porro aliquid est. Maxime velit ullam quisquam non vitae et eos.', 'y', 66, '2018-03-18 03:28:06', '2019-02-27 22:29:22');
INSERT INTO `USER` (`USER_ID`, `NAME`, `PROFILE_PICTURE`, `PW_HASH`, `EMAIL`, `BIO`, `EMAIL_VERIFIED_FLAG`, `PHONE_ID`, `CREATE_DATE`, `UPDATE_DATE`) VALUES (67, 'Dr. Flo Lakin Sr.', '/d57d7cb6777d370d08ac68a5c3cb7fd2.jpg', '6b3a55e0261b0304143f805a24924d0c1c44524821305f31d9277843b8a10f4e', 'wunsch.aisha@example.net', 'Autem dolores magnam asperiores beatae qui nostrum et. Nesciunt cumque in aut eius totam incidunt ipsam. Sit quos voluptas ut.', 'y', 67, '2019-02-24 04:44:07', '2016-12-20 10:23:38');
INSERT INTO `USER` (`USER_ID`, `NAME`, `PROFILE_PICTURE`, `PW_HASH`, `EMAIL`, `BIO`, `EMAIL_VERIFIED_FLAG`, `PHONE_ID`, `CREATE_DATE`, `UPDATE_DATE`) VALUES (68, 'Mr. Terry Haag MD', '/efdd8cdb511fa91959a540d71ba6efb8.jpg', '6b3a55e0261b0304143f805a24924d0c1c44524821305f31d9277843b8a10f4e', 'bette64@example.net', 'Omnis nisi fuga porro iste aliquam magni. Molestiae rerum et aut odio repellendus distinctio est. Animi qui perferendis voluptas temporibus.', 'y', 68, '2018-11-16 06:43:26', '2018-01-19 09:49:09');
INSERT INTO `USER` (`USER_ID`, `NAME`, `PROFILE_PICTURE`, `PW_HASH`, `EMAIL`, `BIO`, `EMAIL_VERIFIED_FLAG`, `PHONE_ID`, `CREATE_DATE`, `UPDATE_DATE`) VALUES (69, 'Bud Wiegand', '/7755e56ff6905e6058fcb99bf630189d.jpg', '6b3a55e0261b0304143f805a24924d0c1c44524821305f31d9277843b8a10f4e', 'horacio.predovic@example.net', 'Quia tenetur ex rem aut itaque doloremque incidunt. Non iure vel fugit error dolor amet qui.', 'n', 69, '2016-06-14 19:51:19', '2019-02-21 16:13:34');
INSERT INTO `USER` (`USER_ID`, `NAME`, `PROFILE_PICTURE`, `PW_HASH`, `EMAIL`, `BIO`, `EMAIL_VERIFIED_FLAG`, `PHONE_ID`, `CREATE_DATE`, `UPDATE_DATE`) VALUES (70, 'Mrs. Lucy Torp V', '/b8436131b00c82723afa623a3999aa91.jpg', '6b3a55e0261b0304143f805a24924d0c1c44524821305f31d9277843b8a10f4e', 'qlangosh@example.org', 'Omnis quisquam consequatur possimus sapiente tenetur molestiae eos. Omnis aut sit autem reiciendis nam qui labore. Sed repudiandae nam nemo numquam omnis fugit.', 'y', 70, '2017-08-30 20:04:28', '2017-06-03 18:08:57');
INSERT INTO `USER` (`USER_ID`, `NAME`, `PROFILE_PICTURE`, `PW_HASH`, `EMAIL`, `BIO`, `EMAIL_VERIFIED_FLAG`, `PHONE_ID`, `CREATE_DATE`, `UPDATE_DATE`) VALUES (71, 'Carolina Corkery', '/795857464e0b6ebf7ce9d4a62e293846.jpg', '6b3a55e0261b0304143f805a24924d0c1c44524821305f31d9277843b8a10f4e', 'ismael.aufderhar@example.net', 'Voluptatem rerum aut sapiente veritatis ea. Eos ratione harum et et ut iure. Qui temporibus porro suscipit quam officia.', 'y', 71, '2018-09-16 16:01:47', '2016-12-03 08:28:22');
INSERT INTO `USER` (`USER_ID`, `NAME`, `PROFILE_PICTURE`, `PW_HASH`, `EMAIL`, `BIO`, `EMAIL_VERIFIED_FLAG`, `PHONE_ID`, `CREATE_DATE`, `UPDATE_DATE`) VALUES (72, 'Dee Parker', '/216eea3b128798dadb3e4b5eea2c1232.jpg', '6b3a55e0261b0304143f805a24924d0c1c44524821305f31d9277843b8a10f4e', 'thiel.abby@example.org', 'Ducimus aut error cum harum quasi laudantium non. Distinctio aliquid deleniti impedit aliquam quia doloremque. Facere nemo ducimus fuga et. Repudiandae quia expedita voluptas odit.', 'n', 72, '2016-09-26 20:00:50', '2018-08-30 04:53:35');
INSERT INTO `USER` (`USER_ID`, `NAME`, `PROFILE_PICTURE`, `PW_HASH`, `EMAIL`, `BIO`, `EMAIL_VERIFIED_FLAG`, `PHONE_ID`, `CREATE_DATE`, `UPDATE_DATE`) VALUES (73, 'Reilly Crona', '/f2944237c9409644c8d96e58d47767ec.jpg', '6b3a55e0261b0304143f805a24924d0c1c44524821305f31d9277843b8a10f4e', 'jalen.trantow@example.org', 'Ea provident velit sed voluptatibus ut molestiae quae. Reprehenderit molestiae inventore fuga dignissimos animi voluptas rerum. Laboriosam voluptatem ut perspiciatis similique fugiat qui itaque.', 'y', 73, '2016-10-18 00:27:39', '2016-09-23 03:48:08');
INSERT INTO `USER` (`USER_ID`, `NAME`, `PROFILE_PICTURE`, `PW_HASH`, `EMAIL`, `BIO`, `EMAIL_VERIFIED_FLAG`, `PHONE_ID`, `CREATE_DATE`, `UPDATE_DATE`) VALUES (74, 'Dr. Braulio Gulgowski II', '/a4a16eb6b1e08825d1dedb2fbedf8204.jpg', '6b3a55e0261b0304143f805a24924d0c1c44524821305f31d9277843b8a10f4e', 'florian39@example.net', 'Perferendis placeat voluptatem commodi. Fugit voluptas molestiae suscipit dolores. Ratione quisquam ea assumenda molestiae blanditiis aspernatur.', 'y', 74, '2018-10-31 16:14:40', '2018-08-21 06:30:05');
INSERT INTO `USER` (`USER_ID`, `NAME`, `PROFILE_PICTURE`, `PW_HASH`, `EMAIL`, `BIO`, `EMAIL_VERIFIED_FLAG`, `PHONE_ID`, `CREATE_DATE`, `UPDATE_DATE`) VALUES (75, 'Issac Waters', '/4753ec2a45cce75e193844d106f26497.jpg', '6b3a55e0261b0304143f805a24924d0c1c44524821305f31d9277843b8a10f4e', 'ubaldo.mills@example.net', 'Eos recusandae deleniti in eos. Dolorum dignissimos omnis quaerat illum corporis accusantium. Corrupti fugiat qui ad sequi atque cumque. Enim exercitationem rerum dolorem consequatur et.', 'n', 75, '2019-04-13 13:49:14', '2019-05-23 00:43:32');
INSERT INTO `USER` (`USER_ID`, `NAME`, `PROFILE_PICTURE`, `PW_HASH`, `EMAIL`, `BIO`, `EMAIL_VERIFIED_FLAG`, `PHONE_ID`, `CREATE_DATE`, `UPDATE_DATE`) VALUES (76, 'Colton Christiansen', '/15f757906dc90cc14c6067cbb2ab746b.jpg', '6b3a55e0261b0304143f805a24924d0c1c44524821305f31d9277843b8a10f4e', 'wklein@example.net', 'Natus nulla nihil et ipsum nobis iste enim et. Sunt nemo quaerat et minima omnis nostrum minima. Quis sed non possimus itaque adipisci. Quas qui alias distinctio velit.', 'y', 76, '2017-07-25 21:21:50', '2018-03-08 13:34:49');
INSERT INTO `USER` (`USER_ID`, `NAME`, `PROFILE_PICTURE`, `PW_HASH`, `EMAIL`, `BIO`, `EMAIL_VERIFIED_FLAG`, `PHONE_ID`, `CREATE_DATE`, `UPDATE_DATE`) VALUES (77, 'Justine Harvey', '/2c6b43614b9d18b7949279f377d995eb.jpg', '6b3a55e0261b0304143f805a24924d0c1c44524821305f31d9277843b8a10f4e', 'xturner@example.org', 'Labore illo sunt possimus optio culpa aut doloremque. Voluptatem nesciunt nemo quibusdam quasi. Nam officiis voluptatem quae enim porro quaerat. Distinctio ipsa nisi architecto eos.', 'n', 77, '2018-01-11 03:18:08', '2017-04-21 18:23:07');
INSERT INTO `USER` (`USER_ID`, `NAME`, `PROFILE_PICTURE`, `PW_HASH`, `EMAIL`, `BIO`, `EMAIL_VERIFIED_FLAG`, `PHONE_ID`, `CREATE_DATE`, `UPDATE_DATE`) VALUES (78, 'Erin Fritsch III', '/471850b50532bbaa10b18a56060d9afa.jpg', '6b3a55e0261b0304143f805a24924d0c1c44524821305f31d9277843b8a10f4e', 'hamill.leif@example.com', 'Autem commodi quo aut expedita voluptatem. Quae a ut veniam occaecati. Et commodi praesentium est placeat quo consequatur.', 'n', 78, '2016-07-06 17:46:11', '2017-11-21 22:59:11');
INSERT INTO `USER` (`USER_ID`, `NAME`, `PROFILE_PICTURE`, `PW_HASH`, `EMAIL`, `BIO`, `EMAIL_VERIFIED_FLAG`, `PHONE_ID`, `CREATE_DATE`, `UPDATE_DATE`) VALUES (79, 'Prof. Liza Olson', '/5998226084e572bd68934e101e3ec967.jpg', '6b3a55e0261b0304143f805a24924d0c1c44524821305f31d9277843b8a10f4e', 'wyatt38@example.org', 'Consequatur perspiciatis blanditiis qui iure neque consequatur. Quisquam velit cumque sint harum et aperiam ullam. Velit soluta quo ea laudantium alias ducimus ex.', 'y', 79, '2017-03-12 02:48:24', '2018-04-26 20:34:50');
INSERT INTO `USER` (`USER_ID`, `NAME`, `PROFILE_PICTURE`, `PW_HASH`, `EMAIL`, `BIO`, `EMAIL_VERIFIED_FLAG`, `PHONE_ID`, `CREATE_DATE`, `UPDATE_DATE`) VALUES (80, 'Dr. Brant Dach', '/e914fc199807b03ea677380228e4dbce.jpg', '6b3a55e0261b0304143f805a24924d0c1c44524821305f31d9277843b8a10f4e', 'elmira78@example.org', 'Recusandae animi dolorem aliquam explicabo voluptas eum consequatur. Magnam dolores aperiam fugit maiores expedita. Ut eum distinctio corrupti veniam minus.', 'y', 80, '2018-01-23 01:38:56', '2017-03-26 10:23:04');
INSERT INTO `USER` (`USER_ID`, `NAME`, `PROFILE_PICTURE`, `PW_HASH`, `EMAIL`, `BIO`, `EMAIL_VERIFIED_FLAG`, `PHONE_ID`, `CREATE_DATE`, `UPDATE_DATE`) VALUES (81, 'Bridie Bailey', '/ec4034411622effe0e696e92c8e34779.jpg', '6b3a55e0261b0304143f805a24924d0c1c44524821305f31d9277843b8a10f4e', 'haylie95@example.com', 'Totam optio architecto dolor sint ut et rerum. Quis unde sit nostrum hic. Fugiat unde dolor alias est optio aliquid quia quisquam.', 'n', 81, '2017-12-02 09:56:14', '2017-02-28 23:19:03');
INSERT INTO `USER` (`USER_ID`, `NAME`, `PROFILE_PICTURE`, `PW_HASH`, `EMAIL`, `BIO`, `EMAIL_VERIFIED_FLAG`, `PHONE_ID`, `CREATE_DATE`, `UPDATE_DATE`) VALUES (82, 'Daren Effertz', '/04ea41bf65e878e06bb8e1e8993ff9f5.jpg', '6b3a55e0261b0304143f805a24924d0c1c44524821305f31d9277843b8a10f4e', 'meghan.powlowski@example.net', 'Dolorem vel voluptate quae exercitationem adipisci deserunt. Fugit dicta sapiente repellendus ut et quaerat. Non voluptatum sit nihil laboriosam quae.', 'n', 82, '2018-03-29 15:38:09', '2018-01-20 02:10:49');
INSERT INTO `USER` (`USER_ID`, `NAME`, `PROFILE_PICTURE`, `PW_HASH`, `EMAIL`, `BIO`, `EMAIL_VERIFIED_FLAG`, `PHONE_ID`, `CREATE_DATE`, `UPDATE_DATE`) VALUES (83, 'Zula Hackett Jr.', '/c3ac23aecb348c30a11b25088effba32.jpg', '6b3a55e0261b0304143f805a24924d0c1c44524821305f31d9277843b8a10f4e', 'hudson.willis@example.org', 'Voluptatibus ducimus animi quae mollitia veritatis. Eum officia ut tempore. Quae eius minus porro sit voluptatem natus.', 'n', 83, '2018-02-09 09:00:32', '2018-12-02 10:51:59');
INSERT INTO `USER` (`USER_ID`, `NAME`, `PROFILE_PICTURE`, `PW_HASH`, `EMAIL`, `BIO`, `EMAIL_VERIFIED_FLAG`, `PHONE_ID`, `CREATE_DATE`, `UPDATE_DATE`) VALUES (84, 'Prof. Macey Herman', '/229fd732e19c61a1d4a2ae7e1269ba62.jpg', '6b3a55e0261b0304143f805a24924d0c1c44524821305f31d9277843b8a10f4e', 'block.tate@example.org', 'Repellat saepe temporibus molestiae totam consequatur molestiae quia sit. Iusto eum et repudiandae id ratione rerum ab quod. Alias exercitationem facilis excepturi sint aperiam qui omnis.', 'y', 84, '2017-01-13 00:51:45', '2016-06-17 06:15:44');
INSERT INTO `USER` (`USER_ID`, `NAME`, `PROFILE_PICTURE`, `PW_HASH`, `EMAIL`, `BIO`, `EMAIL_VERIFIED_FLAG`, `PHONE_ID`, `CREATE_DATE`, `UPDATE_DATE`) VALUES (85, 'Dr. Adolfo Marquardt Sr.', '/a599db7576b925638b0a668e7f0fecd2.jpg', '6b3a55e0261b0304143f805a24924d0c1c44524821305f31d9277843b8a10f4e', 'shanny84@example.com', 'Quo quo quos sapiente quae veritatis quas. Est vero hic quia dolores corrupti laudantium aut.', 'n', 85, '2019-02-10 07:06:46', '2018-04-09 05:12:07');
INSERT INTO `USER` (`USER_ID`, `NAME`, `PROFILE_PICTURE`, `PW_HASH`, `EMAIL`, `BIO`, `EMAIL_VERIFIED_FLAG`, `PHONE_ID`, `CREATE_DATE`, `UPDATE_DATE`) VALUES (86, 'Marisol Hackett', '/43aaeb78d1f2fd838a41b60d81c771c3.jpg', '6b3a55e0261b0304143f805a24924d0c1c44524821305f31d9277843b8a10f4e', 'soledad.gerhold@example.net', 'Itaque nesciunt consequatur eos totam similique non dicta. Beatae culpa sunt non sit nobis. Sunt esse hic vitae.', 'n', 86, '2018-02-15 09:27:47', '2017-09-04 18:01:10');
INSERT INTO `USER` (`USER_ID`, `NAME`, `PROFILE_PICTURE`, `PW_HASH`, `EMAIL`, `BIO`, `EMAIL_VERIFIED_FLAG`, `PHONE_ID`, `CREATE_DATE`, `UPDATE_DATE`) VALUES (87, 'Ebony Dickinson', '/bc855e4caa2974eabca9132cdab63354.jpg', '6b3a55e0261b0304143f805a24924d0c1c44524821305f31d9277843b8a10f4e', 'oran50@example.com', 'Cumque et laborum quia molestiae tempore. Repellat deserunt fugiat aut animi. Unde maxime nobis molestias incidunt.', 'y', 87, '2017-07-14 16:10:04', '2017-07-17 21:30:05');
INSERT INTO `USER` (`USER_ID`, `NAME`, `PROFILE_PICTURE`, `PW_HASH`, `EMAIL`, `BIO`, `EMAIL_VERIFIED_FLAG`, `PHONE_ID`, `CREATE_DATE`, `UPDATE_DATE`) VALUES (88, 'Glen Pfannerstill V', '/52a17e45bd4312092eef3446a5f74df2.jpg', '6b3a55e0261b0304143f805a24924d0c1c44524821305f31d9277843b8a10f4e', 'alexandra.schaden@example.net', 'Sit ut numquam enim quasi enim a non. Nihil officia deleniti magni non. Alias illo eaque accusantium. Ut animi illum necessitatibus est exercitationem.', 'y', 88, '2017-09-20 18:06:40', '2017-07-09 16:01:30');
INSERT INTO `USER` (`USER_ID`, `NAME`, `PROFILE_PICTURE`, `PW_HASH`, `EMAIL`, `BIO`, `EMAIL_VERIFIED_FLAG`, `PHONE_ID`, `CREATE_DATE`, `UPDATE_DATE`) VALUES (89, 'Miss Carmela Bogan', '/17535ad49b6851b8c0c3039ba1481de5.jpg', '6b3a55e0261b0304143f805a24924d0c1c44524821305f31d9277843b8a10f4e', 'brielle.zemlak@example.net', 'Aut est sed laudantium incidunt. Dolores quisquam voluptatem laborum doloremque. Labore ipsum est est. Nesciunt corrupti sed velit aut vel voluptas. Debitis totam est reiciendis quam nobis excepturi.', 'n', 89, '2017-07-22 12:53:10', '2017-11-25 19:55:34');
INSERT INTO `USER` (`USER_ID`, `NAME`, `PROFILE_PICTURE`, `PW_HASH`, `EMAIL`, `BIO`, `EMAIL_VERIFIED_FLAG`, `PHONE_ID`, `CREATE_DATE`, `UPDATE_DATE`) VALUES (90, 'Dr. Alvah Crist', '/95ae790e6a87f59d8f456af2b4fe5ccc.jpg', '6b3a55e0261b0304143f805a24924d0c1c44524821305f31d9277843b8a10f4e', 'hullrich@example.net', 'Nesciunt repellendus consequuntur aperiam omnis quod ipsam est est. Possimus delectus et porro autem et. Aut ab dicta repudiandae adipisci dolores qui. Velit dignissimos nam porro odio quod.', 'y', 90, '2016-08-07 11:26:38', '2017-07-01 19:25:05');
INSERT INTO `USER` (`USER_ID`, `NAME`, `PROFILE_PICTURE`, `PW_HASH`, `EMAIL`, `BIO`, `EMAIL_VERIFIED_FLAG`, `PHONE_ID`, `CREATE_DATE`, `UPDATE_DATE`) VALUES (91, 'Efrain Littel', '/ab427bd716e75ad883f278f264dae205.jpg', '6b3a55e0261b0304143f805a24924d0c1c44524821305f31d9277843b8a10f4e', 'bianka09@example.com', 'Quisquam eaque consectetur est officia. Harum maiores aut ipsum est voluptas. In reprehenderit aliquam illum fugiat. Deserunt error facilis porro provident.', 'y', 91, '2019-03-28 15:36:20', '2017-02-03 21:54:08');
INSERT INTO `USER` (`USER_ID`, `NAME`, `PROFILE_PICTURE`, `PW_HASH`, `EMAIL`, `BIO`, `EMAIL_VERIFIED_FLAG`, `PHONE_ID`, `CREATE_DATE`, `UPDATE_DATE`) VALUES (92, 'Emerson Bergnaum', '/22586083d99418090e2c880a56885467.jpg', '6b3a55e0261b0304143f805a24924d0c1c44524821305f31d9277843b8a10f4e', 'emmanuelle98@example.com', 'Molestiae veniam voluptas sint voluptatem. Eligendi pariatur sit eos aspernatur voluptas vel voluptatem. Est consectetur hic natus repellat quia ducimus.', 'y', 92, '2017-12-06 10:31:55', '2016-10-15 15:36:33');
INSERT INTO `USER` (`USER_ID`, `NAME`, `PROFILE_PICTURE`, `PW_HASH`, `EMAIL`, `BIO`, `EMAIL_VERIFIED_FLAG`, `PHONE_ID`, `CREATE_DATE`, `UPDATE_DATE`) VALUES (93, 'Eli Prohaska', '/e858e61165235993822a595f42a79aef.jpg', '6b3a55e0261b0304143f805a24924d0c1c44524821305f31d9277843b8a10f4e', 'lorenzo74@example.net', 'Quis suscipit assumenda et soluta. Sint iste rerum deserunt laboriosam illo. Pariatur accusantium aut qui non. Non cupiditate laborum omnis similique vel.', 'n', 93, '2018-12-01 21:39:37', '2016-11-29 17:46:25');
INSERT INTO `USER` (`USER_ID`, `NAME`, `PROFILE_PICTURE`, `PW_HASH`, `EMAIL`, `BIO`, `EMAIL_VERIFIED_FLAG`, `PHONE_ID`, `CREATE_DATE`, `UPDATE_DATE`) VALUES (94, 'Enos Champlin', '/2617121142e3492f94a2e5451340e152.jpg', '6b3a55e0261b0304143f805a24924d0c1c44524821305f31d9277843b8a10f4e', 'keshawn.gutmann@example.com', 'Libero quo odit tempore est sit tempora. Quia adipisci hic impedit sequi tempora ipsa. Ut incidunt in voluptatem similique perspiciatis. Ab eaque quia ab nihil.', 'y', 94, '2017-11-30 07:24:06', '2017-07-25 08:47:30');
INSERT INTO `USER` (`USER_ID`, `NAME`, `PROFILE_PICTURE`, `PW_HASH`, `EMAIL`, `BIO`, `EMAIL_VERIFIED_FLAG`, `PHONE_ID`, `CREATE_DATE`, `UPDATE_DATE`) VALUES (95, 'Madisen Sipes', '/d9268dffd8b6fa8e57361fc78949b270.jpg', '6b3a55e0261b0304143f805a24924d0c1c44524821305f31d9277843b8a10f4e', 'wheller@example.net', 'Delectus enim placeat vel ducimus. Voluptas molestiae quis voluptates voluptatem quo. Corrupti ducimus dolores deserunt.', 'n', 95, '2018-02-05 08:14:33', '2016-06-15 23:47:59');
INSERT INTO `USER` (`USER_ID`, `NAME`, `PROFILE_PICTURE`, `PW_HASH`, `EMAIL`, `BIO`, `EMAIL_VERIFIED_FLAG`, `PHONE_ID`, `CREATE_DATE`, `UPDATE_DATE`) VALUES (96, 'Bernardo Kozey', '/41f65071aff6e019852be92969850452.jpg', '6b3a55e0261b0304143f805a24924d0c1c44524821305f31d9277843b8a10f4e', 'dmoen@example.net', 'Natus voluptatem recusandae ratione qui qui nihil. Animi adipisci magnam quia. Molestiae culpa inventore fugiat consequuntur. Sint numquam odit voluptas modi.', 'y', 96, '2018-07-16 19:14:42', '2019-03-18 13:22:41');
INSERT INTO `USER` (`USER_ID`, `NAME`, `PROFILE_PICTURE`, `PW_HASH`, `EMAIL`, `BIO`, `EMAIL_VERIFIED_FLAG`, `PHONE_ID`, `CREATE_DATE`, `UPDATE_DATE`) VALUES (97, 'Dr. Abbigail Pollich DDS', '/8e26641b3ce23890d48e2666aea2b06f.jpg', '6b3a55e0261b0304143f805a24924d0c1c44524821305f31d9277843b8a10f4e', 'rboyle@example.com', 'Architecto unde voluptas porro dolor unde magnam debitis. Et optio totam et vel. Est recusandae non odit voluptate exercitationem exercitationem. Nihil nam nesciunt officiis dolorem dolor.', 'n', 97, '2019-02-27 07:05:29', '2019-01-11 05:18:22');
INSERT INTO `USER` (`USER_ID`, `NAME`, `PROFILE_PICTURE`, `PW_HASH`, `EMAIL`, `BIO`, `EMAIL_VERIFIED_FLAG`, `PHONE_ID`, `CREATE_DATE`, `UPDATE_DATE`) VALUES (98, 'Thomas Waters Jr.', '/033cdb801e2e6c20c92d48d8c982fe50.jpg', '6b3a55e0261b0304143f805a24924d0c1c44524821305f31d9277843b8a10f4e', 'gia96@example.net', 'Aut veniam velit saepe consequatur libero minus. Qui eligendi ipsa ut nihil dolores saepe. Voluptas autem debitis enim nesciunt. Ipsam totam accusamus asperiores.', 'n', 98, '2018-08-11 13:21:22', '2018-04-25 19:24:04');
INSERT INTO `USER` (`USER_ID`, `NAME`, `PROFILE_PICTURE`, `PW_HASH`, `EMAIL`, `BIO`, `EMAIL_VERIFIED_FLAG`, `PHONE_ID`, `CREATE_DATE`, `UPDATE_DATE`) VALUES (99, 'Cali Weber', '/4e1a22d28f89223bca88439c7e453002.jpg', '6b3a55e0261b0304143f805a24924d0c1c44524821305f31d9277843b8a10f4e', 'imedhurst@example.net', 'Eaque expedita provident corporis rerum itaque iusto officiis. Nulla asperiores unde ut sit rem soluta a qui. Nostrum porro dolor et rerum et blanditiis qui.', 'y', 99, '2019-04-21 14:16:54', '2018-03-22 19:27:20');
INSERT INTO `USER` (`USER_ID`, `NAME`, `PROFILE_PICTURE`, `PW_HASH`, `EMAIL`, `BIO`, `EMAIL_VERIFIED_FLAG`, `PHONE_ID`, `CREATE_DATE`, `UPDATE_DATE`) VALUES (100, 'Amir Christiansen', '/88c8b490d8c588b4b93c84932f625b09.jpg', '6b3a55e0261b0304143f805a24924d0c1c44524821305f31d9277843b8a10f4e', 'ratke.laurine@example.net', 'Commodi beatae cumque libero quas ad omnis magni. Veritatis laborum cupiditate consequatur. Sit quo qui pariatur. Est nihil qui asperiores aspernatur optio a quisquam.', 'n', 100, '2018-09-12 21:12:31', '2017-01-27 14:20:22');




INSERT INTO `CAR` (`CAR_ID`, `MPG`, `PLATE_NUMBER`, `YEAR`, `SEATS`, `SPECIAL_NEEDS_FLAG`, `CAR_PICTURE`, `COLOR`, `MAKE`, `MODEL`, `CREATE_DATE`, `UPDATE_DATE`) VALUES (1, 34, 7508304, 1998, 8, 'y', '/2f4a321f85c5a956796609d1c4b0af10.jpg', 'LightGoldenRodYellow', 'honda', 'quibusdam', '2017-04-25 19:37:07', '2016-12-16 20:48:27');
INSERT INTO `CAR` (`CAR_ID`, `MPG`, `PLATE_NUMBER`, `YEAR`, `SEATS`, `SPECIAL_NEEDS_FLAG`, `CAR_PICTURE`, `COLOR`, `MAKE`, `MODEL`, `CREATE_DATE`, `UPDATE_DATE`) VALUES (2, 90, 3922961, 2007, 9, 'y', '/465819a63d60ce7b727ff98c4fc782f3.jpg', 'ForestGreen', 'mazda', 'eveniet', '2016-07-12 17:23:24', '2017-03-02 21:49:03');
INSERT INTO `CAR` (`CAR_ID`, `MPG`, `PLATE_NUMBER`, `YEAR`, `SEATS`, `SPECIAL_NEEDS_FLAG`, `CAR_PICTURE`, `COLOR`, `MAKE`, `MODEL`, `CREATE_DATE`, `UPDATE_DATE`) VALUES (3, 58, 2645432, 2012, 7, 'y', '/58a3b8046ff9ff3d08c3cab7a79fd047.jpg', 'MistyRose', 'mazda', 'dolores', '2017-05-21 07:56:36', '2016-09-15 05:29:06');
INSERT INTO `CAR` (`CAR_ID`, `MPG`, `PLATE_NUMBER`, `YEAR`, `SEATS`, `SPECIAL_NEEDS_FLAG`, `CAR_PICTURE`, `COLOR`, `MAKE`, `MODEL`, `CREATE_DATE`, `UPDATE_DATE`) VALUES (4, 51, 8754954, 2012, 9, 'n', '/f532fbca523532858a3ac767f4b87d6c.jpg', 'RosyBrown', 'mazda', 'aut', '2019-05-30 21:05:21', '2017-10-11 02:52:59');
INSERT INTO `CAR` (`CAR_ID`, `MPG`, `PLATE_NUMBER`, `YEAR`, `SEATS`, `SPECIAL_NEEDS_FLAG`, `CAR_PICTURE`, `COLOR`, `MAKE`, `MODEL`, `CREATE_DATE`, `UPDATE_DATE`) VALUES (5, 21, 9998508, 1991, 4, 'y', '/ed2da3b6b01f63bc42482caa0c33bd80.jpg', 'YellowGreen', 'gm', 'ullam', '2017-10-21 05:39:38', '2017-04-06 00:25:45');
INSERT INTO `CAR` (`CAR_ID`, `MPG`, `PLATE_NUMBER`, `YEAR`, `SEATS`, `SPECIAL_NEEDS_FLAG`, `CAR_PICTURE`, `COLOR`, `MAKE`, `MODEL`, `CREATE_DATE`, `UPDATE_DATE`) VALUES (6, 60, 1954750, 2019, 6, 'y', '/19fe3dd5317dd4d8625fef676a0748e6.jpg', 'MistyRose', 'ford', 'sequi', '2018-12-13 03:37:04', '2016-08-09 04:35:32');
INSERT INTO `CAR` (`CAR_ID`, `MPG`, `PLATE_NUMBER`, `YEAR`, `SEATS`, `SPECIAL_NEEDS_FLAG`, `CAR_PICTURE`, `COLOR`, `MAKE`, `MODEL`, `CREATE_DATE`, `UPDATE_DATE`) VALUES (7, 98, 3991421, 2006, 3, 'n', '/7c021965164a05df3efdb93301a36037.jpg', 'Purple', 'honda', 'culpa', '2017-10-03 17:04:22', '2016-08-25 12:01:03');
INSERT INTO `CAR` (`CAR_ID`, `MPG`, `PLATE_NUMBER`, `YEAR`, `SEATS`, `SPECIAL_NEEDS_FLAG`, `CAR_PICTURE`, `COLOR`, `MAKE`, `MODEL`, `CREATE_DATE`, `UPDATE_DATE`) VALUES (8, 22, 3596962, 2001, 4, 'n', '/f5dc9eaf98dc7dc8f7386fbc151b6908.jpg', 'Darkorange', 'honda', 'ex', '2016-06-23 05:09:59', '2018-06-04 15:21:25');
INSERT INTO `CAR` (`CAR_ID`, `MPG`, `PLATE_NUMBER`, `YEAR`, `SEATS`, `SPECIAL_NEEDS_FLAG`, `CAR_PICTURE`, `COLOR`, `MAKE`, `MODEL`, `CREATE_DATE`, `UPDATE_DATE`) VALUES (9, 37, 8634946, 2007, 5, 'y', '/b13405bef4fe89b8673a32f6ff790619.jpg', 'Chartreuse', 'honda', 'pariatur', '2017-06-10 15:34:47', '2017-06-07 03:45:00');
INSERT INTO `CAR` (`CAR_ID`, `MPG`, `PLATE_NUMBER`, `YEAR`, `SEATS`, `SPECIAL_NEEDS_FLAG`, `CAR_PICTURE`, `COLOR`, `MAKE`, `MODEL`, `CREATE_DATE`, `UPDATE_DATE`) VALUES (10, 85, 6917912, 2018, 6, 'n', '/749ac4a88a69b0c8f309aa8395d9f414.jpg', 'DarkSlateGray', 'toyota', 'itaque', '2016-09-30 02:39:17', '2016-08-25 21:03:28');
INSERT INTO `CAR` (`CAR_ID`, `MPG`, `PLATE_NUMBER`, `YEAR`, `SEATS`, `SPECIAL_NEEDS_FLAG`, `CAR_PICTURE`, `COLOR`, `MAKE`, `MODEL`, `CREATE_DATE`, `UPDATE_DATE`) VALUES (11, 17, 5444541, 1990, 2, 'n', '/6306de56978503325e514276a8c85fee.jpg', 'PaleTurquoise', 'mazda', 'quis', '2016-11-19 15:53:19', '2016-09-01 19:13:58');
INSERT INTO `CAR` (`CAR_ID`, `MPG`, `PLATE_NUMBER`, `YEAR`, `SEATS`, `SPECIAL_NEEDS_FLAG`, `CAR_PICTURE`, `COLOR`, `MAKE`, `MODEL`, `CREATE_DATE`, `UPDATE_DATE`) VALUES (12, 17, 3144363, 1999, 5, 'n', '/2e45d66c187e2e18a574aa21822030ae.jpg', 'Olive', 'ford', 'quisquam', '2018-08-06 23:31:26', '2016-08-10 15:38:30');
INSERT INTO `CAR` (`CAR_ID`, `MPG`, `PLATE_NUMBER`, `YEAR`, `SEATS`, `SPECIAL_NEEDS_FLAG`, `CAR_PICTURE`, `COLOR`, `MAKE`, `MODEL`, `CREATE_DATE`, `UPDATE_DATE`) VALUES (13, 37, 728088, 2001, 6, 'y', '/835750719f177f705160b3244b3f4fd1.jpg', 'DarkViolet', 'toyota', 'non', '2018-03-24 00:47:25', '2016-08-23 00:11:40');
INSERT INTO `CAR` (`CAR_ID`, `MPG`, `PLATE_NUMBER`, `YEAR`, `SEATS`, `SPECIAL_NEEDS_FLAG`, `CAR_PICTURE`, `COLOR`, `MAKE`, `MODEL`, `CREATE_DATE`, `UPDATE_DATE`) VALUES (14, 88, 9324675, 1998, 8, 'y', '/ac5613e158e16cb2f0bdfdd8ecc2169c.jpg', 'Olive', 'gm', 'perferendis', '2019-05-28 06:44:18', '2017-06-01 05:38:24');
INSERT INTO `CAR` (`CAR_ID`, `MPG`, `PLATE_NUMBER`, `YEAR`, `SEATS`, `SPECIAL_NEEDS_FLAG`, `CAR_PICTURE`, `COLOR`, `MAKE`, `MODEL`, `CREATE_DATE`, `UPDATE_DATE`) VALUES (15, 58, 8929095, 2016, 8, 'y', '/f46d6084920c8a6bbf97892a3ca7fc05.jpg', 'LightYellow', 'mazda', 'ut', '2016-12-07 14:00:44', '2016-12-14 05:24:40');
INSERT INTO `CAR` (`CAR_ID`, `MPG`, `PLATE_NUMBER`, `YEAR`, `SEATS`, `SPECIAL_NEEDS_FLAG`, `CAR_PICTURE`, `COLOR`, `MAKE`, `MODEL`, `CREATE_DATE`, `UPDATE_DATE`) VALUES (16, 49, 7350684, 2000, 5, 'n', '/b6d30054590069a85ff042daecca19fb.jpg', 'Blue', 'mazda', 'rem', '2017-11-16 06:46:36', '2017-09-18 13:11:52');
INSERT INTO `CAR` (`CAR_ID`, `MPG`, `PLATE_NUMBER`, `YEAR`, `SEATS`, `SPECIAL_NEEDS_FLAG`, `CAR_PICTURE`, `COLOR`, `MAKE`, `MODEL`, `CREATE_DATE`, `UPDATE_DATE`) VALUES (17, 88, 7013240, 2001, 2, 'n', '/51ffdadb09f88de0e5cdae51c4035d80.jpg', 'DarkSlateBlue', 'honda', 'modi', '2018-04-22 14:01:41', '2017-05-17 04:25:06');
INSERT INTO `CAR` (`CAR_ID`, `MPG`, `PLATE_NUMBER`, `YEAR`, `SEATS`, `SPECIAL_NEEDS_FLAG`, `CAR_PICTURE`, `COLOR`, `MAKE`, `MODEL`, `CREATE_DATE`, `UPDATE_DATE`) VALUES (18, 100, 3789831, 1995, 8, 'n', '/f85d9feed9e8b7e30ff0800271106ad1.jpg', 'YellowGreen', 'mazda', 'maxime', '2016-11-15 20:28:06', '2018-04-30 14:23:42');
INSERT INTO `CAR` (`CAR_ID`, `MPG`, `PLATE_NUMBER`, `YEAR`, `SEATS`, `SPECIAL_NEEDS_FLAG`, `CAR_PICTURE`, `COLOR`, `MAKE`, `MODEL`, `CREATE_DATE`, `UPDATE_DATE`) VALUES (19, 20, 4139005, 2017, 3, 'n', '/47f146d63a55381f7eb0d97f1c037a3d.jpg', 'Beige', 'honda', 'ut', '2017-05-02 23:14:41', '2017-12-11 09:18:43');
INSERT INTO `CAR` (`CAR_ID`, `MPG`, `PLATE_NUMBER`, `YEAR`, `SEATS`, `SPECIAL_NEEDS_FLAG`, `CAR_PICTURE`, `COLOR`, `MAKE`, `MODEL`, `CREATE_DATE`, `UPDATE_DATE`) VALUES (20, 30, 1021653, 2005, 6, 'n', '/f469982c6daab2d578376fc0a94492fb.jpg', 'LightSteelBlue', 'toyota', 'omnis', '2018-07-11 19:19:55', '2018-02-07 11:56:50');
INSERT INTO `CAR` (`CAR_ID`, `MPG`, `PLATE_NUMBER`, `YEAR`, `SEATS`, `SPECIAL_NEEDS_FLAG`, `CAR_PICTURE`, `COLOR`, `MAKE`, `MODEL`, `CREATE_DATE`, `UPDATE_DATE`) VALUES (21, 42, 1396657, 2015, 3, 'y', '/0086ac6414ec0cda8e26bc935eb69454.jpg', 'DarkSalmon', 'toyota', 'repudiandae', '2016-06-16 21:24:54', '2019-02-20 13:51:59');
INSERT INTO `CAR` (`CAR_ID`, `MPG`, `PLATE_NUMBER`, `YEAR`, `SEATS`, `SPECIAL_NEEDS_FLAG`, `CAR_PICTURE`, `COLOR`, `MAKE`, `MODEL`, `CREATE_DATE`, `UPDATE_DATE`) VALUES (22, 68, 1542412, 2013, 1, 'n', '/0960bed0267b95d17fd55dd2d0853868.jpg', 'LightCoral', 'gm', 'veritatis', '2017-12-12 05:22:09', '2018-10-16 02:31:57');
INSERT INTO `CAR` (`CAR_ID`, `MPG`, `PLATE_NUMBER`, `YEAR`, `SEATS`, `SPECIAL_NEEDS_FLAG`, `CAR_PICTURE`, `COLOR`, `MAKE`, `MODEL`, `CREATE_DATE`, `UPDATE_DATE`) VALUES (23, 64, 1479723, 1993, 5, 'y', '/8bc2a88d0f164627785aaad5f55e810f.jpg', 'Azure', 'ford', 'dolorem', '2017-07-21 23:18:15', '2017-05-09 14:22:03');
INSERT INTO `CAR` (`CAR_ID`, `MPG`, `PLATE_NUMBER`, `YEAR`, `SEATS`, `SPECIAL_NEEDS_FLAG`, `CAR_PICTURE`, `COLOR`, `MAKE`, `MODEL`, `CREATE_DATE`, `UPDATE_DATE`) VALUES (24, 51, 7839204, 2008, 6, 'y', '/15439aff22acb8c0e9ed19272582bd0d.jpg', 'Orange', 'gm', 'cupiditate', '2018-04-18 16:03:21', '2018-04-04 09:46:29');
INSERT INTO `CAR` (`CAR_ID`, `MPG`, `PLATE_NUMBER`, `YEAR`, `SEATS`, `SPECIAL_NEEDS_FLAG`, `CAR_PICTURE`, `COLOR`, `MAKE`, `MODEL`, `CREATE_DATE`, `UPDATE_DATE`) VALUES (25, 28, 1007059, 2010, 6, 'y', '/ef32667996065a61580e8894a2579c88.jpg', 'PaleGreen', 'gm', 'explicabo', '2019-05-14 21:59:25', '2017-05-04 01:17:10');
INSERT INTO `CAR` (`CAR_ID`, `MPG`, `PLATE_NUMBER`, `YEAR`, `SEATS`, `SPECIAL_NEEDS_FLAG`, `CAR_PICTURE`, `COLOR`, `MAKE`, `MODEL`, `CREATE_DATE`, `UPDATE_DATE`) VALUES (26, 38, 2949844, 2004, 10, 'n', '/9ee7fc1673221e4a7144368fdecad3de.jpg', 'CadetBlue', 'honda', 'doloribus', '2016-11-23 01:18:41', '2017-04-05 03:20:34');
INSERT INTO `CAR` (`CAR_ID`, `MPG`, `PLATE_NUMBER`, `YEAR`, `SEATS`, `SPECIAL_NEEDS_FLAG`, `CAR_PICTURE`, `COLOR`, `MAKE`, `MODEL`, `CREATE_DATE`, `UPDATE_DATE`) VALUES (27, 51, 2263590, 2011, 10, 'y', '/558bb18d1813eabe904a792ee4aade62.jpg', 'RoyalBlue', 'toyota', 'vel', '2018-08-30 05:48:54', '2017-09-18 23:11:19');
INSERT INTO `CAR` (`CAR_ID`, `MPG`, `PLATE_NUMBER`, `YEAR`, `SEATS`, `SPECIAL_NEEDS_FLAG`, `CAR_PICTURE`, `COLOR`, `MAKE`, `MODEL`, `CREATE_DATE`, `UPDATE_DATE`) VALUES (28, 26, 7016015, 2017, 10, 'y', '/a8ff917d96fb3cd8d4432e8264d9461e.jpg', 'Pink', 'toyota', 'inventore', '2016-06-29 01:19:44', '2018-04-25 04:25:08');
INSERT INTO `CAR` (`CAR_ID`, `MPG`, `PLATE_NUMBER`, `YEAR`, `SEATS`, `SPECIAL_NEEDS_FLAG`, `CAR_PICTURE`, `COLOR`, `MAKE`, `MODEL`, `CREATE_DATE`, `UPDATE_DATE`) VALUES (29, 95, 308837, 2009, 4, 'y', '/9c98b4e07cf65550eb2da5d8e38ca0b5.jpg', 'Orange', 'honda', 'ratione', '2018-11-21 23:01:50', '2016-07-26 13:44:46');
INSERT INTO `CAR` (`CAR_ID`, `MPG`, `PLATE_NUMBER`, `YEAR`, `SEATS`, `SPECIAL_NEEDS_FLAG`, `CAR_PICTURE`, `COLOR`, `MAKE`, `MODEL`, `CREATE_DATE`, `UPDATE_DATE`) VALUES (30, 16, 3602674, 2012, 1, 'y', '/517f4e30c6e1c516d64cc352216988b9.jpg', 'PaleTurquoise', 'honda', 'exercitationem', '2016-09-25 14:01:29', '2018-05-18 18:57:52');
INSERT INTO `CAR` (`CAR_ID`, `MPG`, `PLATE_NUMBER`, `YEAR`, `SEATS`, `SPECIAL_NEEDS_FLAG`, `CAR_PICTURE`, `COLOR`, `MAKE`, `MODEL`, `CREATE_DATE`, `UPDATE_DATE`) VALUES (31, 43, 1214072, 2017, 7, 'y', '/cdfeedee866c011179293913dab57a36.jpg', 'Tan', 'gm', 'atque', '2018-02-22 22:20:50', '2018-09-20 18:40:54');
INSERT INTO `CAR` (`CAR_ID`, `MPG`, `PLATE_NUMBER`, `YEAR`, `SEATS`, `SPECIAL_NEEDS_FLAG`, `CAR_PICTURE`, `COLOR`, `MAKE`, `MODEL`, `CREATE_DATE`, `UPDATE_DATE`) VALUES (32, 27, 5055213, 1998, 3, 'y', '/812ba613d0f72c883885d1623dab4db0.jpg', 'Turquoise', 'gm', 'aliquid', '2017-12-29 02:17:14', '2018-06-19 05:11:58');
INSERT INTO `CAR` (`CAR_ID`, `MPG`, `PLATE_NUMBER`, `YEAR`, `SEATS`, `SPECIAL_NEEDS_FLAG`, `CAR_PICTURE`, `COLOR`, `MAKE`, `MODEL`, `CREATE_DATE`, `UPDATE_DATE`) VALUES (33, 63, 911522, 1993, 3, 'n', '/79904bba912cdccd7bb4708785b00a95.jpg', 'LightBlue', 'mazda', 'explicabo', '2018-08-19 12:40:09', '2018-10-21 14:52:23');
INSERT INTO `CAR` (`CAR_ID`, `MPG`, `PLATE_NUMBER`, `YEAR`, `SEATS`, `SPECIAL_NEEDS_FLAG`, `CAR_PICTURE`, `COLOR`, `MAKE`, `MODEL`, `CREATE_DATE`, `UPDATE_DATE`) VALUES (34, 100, 3956105, 1991, 3, 'n', '/8ea26da56823b5d37a0f2dbbf27a0f14.jpg', 'DarkGray', 'toyota', 'recusandae', '2018-10-05 14:54:21', '2018-12-01 05:58:19');
INSERT INTO `CAR` (`CAR_ID`, `MPG`, `PLATE_NUMBER`, `YEAR`, `SEATS`, `SPECIAL_NEEDS_FLAG`, `CAR_PICTURE`, `COLOR`, `MAKE`, `MODEL`, `CREATE_DATE`, `UPDATE_DATE`) VALUES (35, 47, 5034996, 2008, 2, 'n', '/39b3edd41ea10b12b56b6c87e17c9a39.jpg', 'CornflowerBlue', 'gm', 'excepturi', '2019-04-25 10:49:12', '2019-05-03 11:22:40');
INSERT INTO `CAR` (`CAR_ID`, `MPG`, `PLATE_NUMBER`, `YEAR`, `SEATS`, `SPECIAL_NEEDS_FLAG`, `CAR_PICTURE`, `COLOR`, `MAKE`, `MODEL`, `CREATE_DATE`, `UPDATE_DATE`) VALUES (36, 60, 464673, 2017, 10, 'n', '/12381b3a3365e37b29aeae3171d2601c.jpg', 'YellowGreen', 'ford', 'dolor', '2018-04-03 22:58:42', '2017-09-19 05:02:39');
INSERT INTO `CAR` (`CAR_ID`, `MPG`, `PLATE_NUMBER`, `YEAR`, `SEATS`, `SPECIAL_NEEDS_FLAG`, `CAR_PICTURE`, `COLOR`, `MAKE`, `MODEL`, `CREATE_DATE`, `UPDATE_DATE`) VALUES (37, 27, 8307198, 1997, 8, 'y', '/7c8904d29ea385d92a35e5abf94eeeef.jpg', 'White', 'honda', 'est', '2016-09-29 21:55:49', '2016-11-20 06:52:35');
INSERT INTO `CAR` (`CAR_ID`, `MPG`, `PLATE_NUMBER`, `YEAR`, `SEATS`, `SPECIAL_NEEDS_FLAG`, `CAR_PICTURE`, `COLOR`, `MAKE`, `MODEL`, `CREATE_DATE`, `UPDATE_DATE`) VALUES (38, 31, 1256452, 1997, 7, 'n', '/3ae7407b9905ac30127af3c7dd399d67.jpg', 'NavajoWhite', 'mazda', 'assumenda', '2018-08-10 21:49:05', '2017-03-27 15:04:48');
INSERT INTO `CAR` (`CAR_ID`, `MPG`, `PLATE_NUMBER`, `YEAR`, `SEATS`, `SPECIAL_NEEDS_FLAG`, `CAR_PICTURE`, `COLOR`, `MAKE`, `MODEL`, `CREATE_DATE`, `UPDATE_DATE`) VALUES (39, 55, 6952598, 2006, 2, 'y', '/4d7d5f386025c7c7d8ee7fd5e4264237.jpg', 'Turquoise', 'gm', 'aut', '2017-08-10 15:16:51', '2018-10-17 10:11:40');
INSERT INTO `CAR` (`CAR_ID`, `MPG`, `PLATE_NUMBER`, `YEAR`, `SEATS`, `SPECIAL_NEEDS_FLAG`, `CAR_PICTURE`, `COLOR`, `MAKE`, `MODEL`, `CREATE_DATE`, `UPDATE_DATE`) VALUES (40, 43, 5978163, 2014, 8, 'n', '/cec4e0981e12a8ad82ae84eee4bf9f17.jpg', 'Moccasin', 'toyota', 'dolorem', '2017-02-18 21:15:16', '2016-08-04 05:51:24');
INSERT INTO `CAR` (`CAR_ID`, `MPG`, `PLATE_NUMBER`, `YEAR`, `SEATS`, `SPECIAL_NEEDS_FLAG`, `CAR_PICTURE`, `COLOR`, `MAKE`, `MODEL`, `CREATE_DATE`, `UPDATE_DATE`) VALUES (41, 70, 8616979, 1994, 6, 'y', '/de6f495d63c23cda5479ccdde2cf52e2.jpg', 'Pink', 'gm', 'quia', '2017-04-25 06:46:39', '2017-11-12 16:43:01');
INSERT INTO `CAR` (`CAR_ID`, `MPG`, `PLATE_NUMBER`, `YEAR`, `SEATS`, `SPECIAL_NEEDS_FLAG`, `CAR_PICTURE`, `COLOR`, `MAKE`, `MODEL`, `CREATE_DATE`, `UPDATE_DATE`) VALUES (42, 36, 7022223, 1992, 2, 'y', '/0cd8f446f2c869633a61deebf75bc218.jpg', 'DarkOliveGreen', 'gm', 'et', '2017-12-24 01:24:45', '2016-09-02 14:59:35');
INSERT INTO `CAR` (`CAR_ID`, `MPG`, `PLATE_NUMBER`, `YEAR`, `SEATS`, `SPECIAL_NEEDS_FLAG`, `CAR_PICTURE`, `COLOR`, `MAKE`, `MODEL`, `CREATE_DATE`, `UPDATE_DATE`) VALUES (43, 96, 3191505, 2006, 6, 'n', '/164606f028a3eb78413424019ff99cc1.jpg', 'DarkTurquoise', 'gm', 'non', '2017-10-07 16:51:14', '2017-10-07 02:28:41');
INSERT INTO `CAR` (`CAR_ID`, `MPG`, `PLATE_NUMBER`, `YEAR`, `SEATS`, `SPECIAL_NEEDS_FLAG`, `CAR_PICTURE`, `COLOR`, `MAKE`, `MODEL`, `CREATE_DATE`, `UPDATE_DATE`) VALUES (44, 83, 9066778, 2009, 1, 'y', '/1158928090e5f36b2e77a35898ba0d0e.jpg', 'Red', 'ford', 'voluptatum', '2017-04-03 17:08:39', '2018-01-13 21:20:37');
INSERT INTO `CAR` (`CAR_ID`, `MPG`, `PLATE_NUMBER`, `YEAR`, `SEATS`, `SPECIAL_NEEDS_FLAG`, `CAR_PICTURE`, `COLOR`, `MAKE`, `MODEL`, `CREATE_DATE`, `UPDATE_DATE`) VALUES (45, 29, 4742595, 2001, 6, 'n', '/31ed00cc87b00aa711a3893eb4c17050.jpg', 'LightGray', 'gm', 'quam', '2018-10-17 02:38:43', '2017-10-02 04:05:27');
INSERT INTO `CAR` (`CAR_ID`, `MPG`, `PLATE_NUMBER`, `YEAR`, `SEATS`, `SPECIAL_NEEDS_FLAG`, `CAR_PICTURE`, `COLOR`, `MAKE`, `MODEL`, `CREATE_DATE`, `UPDATE_DATE`) VALUES (46, 30, 6390663, 2019, 8, 'y', '/705f143eed601641c055ae8cb0f05241.jpg', 'BlanchedAlmond', 'mazda', 'aliquid', '2019-02-03 03:35:02', '2017-08-26 09:04:45');
INSERT INTO `CAR` (`CAR_ID`, `MPG`, `PLATE_NUMBER`, `YEAR`, `SEATS`, `SPECIAL_NEEDS_FLAG`, `CAR_PICTURE`, `COLOR`, `MAKE`, `MODEL`, `CREATE_DATE`, `UPDATE_DATE`) VALUES (47, 21, 9832720, 1994, 9, 'y', '/b5e46f55e4fe101d57f8498cfefbd80f.jpg', 'FireBrick', 'honda', 'expedita', '2018-12-19 10:13:30', '2018-08-16 20:49:00');
INSERT INTO `CAR` (`CAR_ID`, `MPG`, `PLATE_NUMBER`, `YEAR`, `SEATS`, `SPECIAL_NEEDS_FLAG`, `CAR_PICTURE`, `COLOR`, `MAKE`, `MODEL`, `CREATE_DATE`, `UPDATE_DATE`) VALUES (48, 24, 5062612, 2012, 7, 'y', '/49a73da94b893fc2d1a4c4f306386f03.jpg', 'White', 'honda', 'accusantium', '2018-08-14 12:15:47', '2017-04-28 10:43:12');
INSERT INTO `CAR` (`CAR_ID`, `MPG`, `PLATE_NUMBER`, `YEAR`, `SEATS`, `SPECIAL_NEEDS_FLAG`, `CAR_PICTURE`, `COLOR`, `MAKE`, `MODEL`, `CREATE_DATE`, `UPDATE_DATE`) VALUES (49, 24, 253384, 2011, 9, 'n', '/49c2e52b8d575df063fe67bb28499610.jpg', 'IndianRed ', 'ford', 'in', '2018-10-14 02:26:33', '2018-01-09 12:13:43');
INSERT INTO `CAR` (`CAR_ID`, `MPG`, `PLATE_NUMBER`, `YEAR`, `SEATS`, `SPECIAL_NEEDS_FLAG`, `CAR_PICTURE`, `COLOR`, `MAKE`, `MODEL`, `CREATE_DATE`, `UPDATE_DATE`) VALUES (50, 61, 5823911, 2014, 1, 'y', '/9c7818f760e6788ecfb4a3d1a48cae23.jpg', 'Red', 'ford', 'architecto', '2018-01-31 23:49:11', '2017-09-02 15:45:01');
INSERT INTO `CAR` (`CAR_ID`, `MPG`, `PLATE_NUMBER`, `YEAR`, `SEATS`, `SPECIAL_NEEDS_FLAG`, `CAR_PICTURE`, `COLOR`, `MAKE`, `MODEL`, `CREATE_DATE`, `UPDATE_DATE`) VALUES (51, 29, 7686079, 2005, 8, 'y', '/27b1e1f39129977d8c2ab606d423bbf6.jpg', 'Beige', 'ford', 'ut', '2016-07-03 15:44:02', '2016-09-12 02:01:24');
INSERT INTO `CAR` (`CAR_ID`, `MPG`, `PLATE_NUMBER`, `YEAR`, `SEATS`, `SPECIAL_NEEDS_FLAG`, `CAR_PICTURE`, `COLOR`, `MAKE`, `MODEL`, `CREATE_DATE`, `UPDATE_DATE`) VALUES (52, 84, 3627145, 2003, 6, 'n', '/069f5bf99a06d3036df550a195c67ea5.jpg', 'Pink', 'mazda', 'consequuntur', '2016-09-20 05:23:12', '2018-01-16 05:16:42');
INSERT INTO `CAR` (`CAR_ID`, `MPG`, `PLATE_NUMBER`, `YEAR`, `SEATS`, `SPECIAL_NEEDS_FLAG`, `CAR_PICTURE`, `COLOR`, `MAKE`, `MODEL`, `CREATE_DATE`, `UPDATE_DATE`) VALUES (53, 32, 4868415, 2005, 1, 'n', '/e8e25c0eb00a9f1fc55b4e6fbcd3d775.jpg', 'LightSeaGreen', 'gm', 'sequi', '2016-12-15 21:26:49', '2016-10-04 07:08:34');
INSERT INTO `CAR` (`CAR_ID`, `MPG`, `PLATE_NUMBER`, `YEAR`, `SEATS`, `SPECIAL_NEEDS_FLAG`, `CAR_PICTURE`, `COLOR`, `MAKE`, `MODEL`, `CREATE_DATE`, `UPDATE_DATE`) VALUES (54, 61, 7017797, 2014, 9, 'y', '/35ca2be08203f6de568f9f2cb79ce119.jpg', 'Silver', 'ford', 'facere', '2018-12-24 00:18:06', '2017-11-24 19:37:45');
INSERT INTO `CAR` (`CAR_ID`, `MPG`, `PLATE_NUMBER`, `YEAR`, `SEATS`, `SPECIAL_NEEDS_FLAG`, `CAR_PICTURE`, `COLOR`, `MAKE`, `MODEL`, `CREATE_DATE`, `UPDATE_DATE`) VALUES (55, 88, 2961599, 2005, 2, 'y', '/93cbb37bc6377d83a42845ed20af84e7.jpg', 'SlateBlue', 'gm', 'voluptas', '2017-09-21 07:46:55', '2018-07-06 10:54:11');
INSERT INTO `CAR` (`CAR_ID`, `MPG`, `PLATE_NUMBER`, `YEAR`, `SEATS`, `SPECIAL_NEEDS_FLAG`, `CAR_PICTURE`, `COLOR`, `MAKE`, `MODEL`, `CREATE_DATE`, `UPDATE_DATE`) VALUES (56, 96, 3309535, 2019, 4, 'y', '/7b3a77c7a95bd5983b8510959405f9f8.jpg', 'MediumVioletRed', 'honda', 'et', '2016-06-14 05:29:48', '2018-11-24 18:48:08');
INSERT INTO `CAR` (`CAR_ID`, `MPG`, `PLATE_NUMBER`, `YEAR`, `SEATS`, `SPECIAL_NEEDS_FLAG`, `CAR_PICTURE`, `COLOR`, `MAKE`, `MODEL`, `CREATE_DATE`, `UPDATE_DATE`) VALUES (57, 15, 9227153, 2000, 7, 'n', '/c5befd0974c3e0397500701c832a22cd.jpg', 'Aqua', 'gm', 'id', '2019-03-24 09:09:39', '2017-08-21 22:13:44');
INSERT INTO `CAR` (`CAR_ID`, `MPG`, `PLATE_NUMBER`, `YEAR`, `SEATS`, `SPECIAL_NEEDS_FLAG`, `CAR_PICTURE`, `COLOR`, `MAKE`, `MODEL`, `CREATE_DATE`, `UPDATE_DATE`) VALUES (58, 75, 9989453, 2005, 9, 'y', '/0c18853e15df83d97101f240f640ba0f.jpg', 'LightGoldenRodYellow', 'honda', 'dolores', '2018-09-09 13:18:11', '2016-09-11 06:26:32');
INSERT INTO `CAR` (`CAR_ID`, `MPG`, `PLATE_NUMBER`, `YEAR`, `SEATS`, `SPECIAL_NEEDS_FLAG`, `CAR_PICTURE`, `COLOR`, `MAKE`, `MODEL`, `CREATE_DATE`, `UPDATE_DATE`) VALUES (59, 32, 9110181, 1991, 8, 'n', '/c1709795e9eec5ece497371c5a34045b.jpg', 'DeepPink', 'gm', 'distinctio', '2017-09-10 19:11:22', '2018-04-22 04:44:45');
INSERT INTO `CAR` (`CAR_ID`, `MPG`, `PLATE_NUMBER`, `YEAR`, `SEATS`, `SPECIAL_NEEDS_FLAG`, `CAR_PICTURE`, `COLOR`, `MAKE`, `MODEL`, `CREATE_DATE`, `UPDATE_DATE`) VALUES (60, 84, 4175623, 2001, 3, 'y', '/01e56f9122715e4ea1d86b0b04124c46.jpg', 'Fuchsia', 'gm', 'asperiores', '2016-08-10 14:18:49', '2017-03-16 20:43:06');
INSERT INTO `CAR` (`CAR_ID`, `MPG`, `PLATE_NUMBER`, `YEAR`, `SEATS`, `SPECIAL_NEEDS_FLAG`, `CAR_PICTURE`, `COLOR`, `MAKE`, `MODEL`, `CREATE_DATE`, `UPDATE_DATE`) VALUES (61, 88, 7254373, 2017, 3, 'n', '/9303d2c369af1980c6d5737c1d9d9f1f.jpg', 'Azure', 'toyota', 'velit', '2017-07-31 16:15:38', '2016-11-29 10:58:45');
INSERT INTO `CAR` (`CAR_ID`, `MPG`, `PLATE_NUMBER`, `YEAR`, `SEATS`, `SPECIAL_NEEDS_FLAG`, `CAR_PICTURE`, `COLOR`, `MAKE`, `MODEL`, `CREATE_DATE`, `UPDATE_DATE`) VALUES (62, 68, 984770, 1996, 3, 'y', '/c77a2d0d3c0b246130d8e1fb977fd510.jpg', 'Cornsilk', 'ford', 'alias', '2019-01-01 01:28:20', '2019-04-24 15:32:08');
INSERT INTO `CAR` (`CAR_ID`, `MPG`, `PLATE_NUMBER`, `YEAR`, `SEATS`, `SPECIAL_NEEDS_FLAG`, `CAR_PICTURE`, `COLOR`, `MAKE`, `MODEL`, `CREATE_DATE`, `UPDATE_DATE`) VALUES (63, 69, 1530564, 1990, 2, 'y', '/edaaf866b830cbc9830e49d856e0c678.jpg', 'DarkOliveGreen', 'toyota', 'culpa', '2016-06-16 04:37:41', '2019-01-31 05:22:18');
INSERT INTO `CAR` (`CAR_ID`, `MPG`, `PLATE_NUMBER`, `YEAR`, `SEATS`, `SPECIAL_NEEDS_FLAG`, `CAR_PICTURE`, `COLOR`, `MAKE`, `MODEL`, `CREATE_DATE`, `UPDATE_DATE`) VALUES (64, 98, 4015734, 2019, 8, 'y', '/4e8266f755b47232ce2e77827d1987e3.jpg', 'Black', 'ford', 'rerum', '2018-02-25 10:53:41', '2016-09-08 00:14:40');
INSERT INTO `CAR` (`CAR_ID`, `MPG`, `PLATE_NUMBER`, `YEAR`, `SEATS`, `SPECIAL_NEEDS_FLAG`, `CAR_PICTURE`, `COLOR`, `MAKE`, `MODEL`, `CREATE_DATE`, `UPDATE_DATE`) VALUES (65, 55, 4383346, 1999, 1, 'n', '/2d6d68ae8b158bfc3df9fc83afc3bc78.jpg', 'Darkorange', 'honda', 'dolore', '2017-12-21 13:29:09', '2017-10-16 10:07:28');
INSERT INTO `CAR` (`CAR_ID`, `MPG`, `PLATE_NUMBER`, `YEAR`, `SEATS`, `SPECIAL_NEEDS_FLAG`, `CAR_PICTURE`, `COLOR`, `MAKE`, `MODEL`, `CREATE_DATE`, `UPDATE_DATE`) VALUES (66, 15, 4173398, 1997, 7, 'y', '/a2fb214785dbb176b89cd3a1e97fc195.jpg', 'Darkorange', 'toyota', 'fugit', '2018-03-11 03:15:27', '2016-11-21 03:48:43');
INSERT INTO `CAR` (`CAR_ID`, `MPG`, `PLATE_NUMBER`, `YEAR`, `SEATS`, `SPECIAL_NEEDS_FLAG`, `CAR_PICTURE`, `COLOR`, `MAKE`, `MODEL`, `CREATE_DATE`, `UPDATE_DATE`) VALUES (67, 51, 6678960, 1991, 8, 'y', '/e69946b3e913959a8dab2675d1d4aac0.jpg', 'Ivory', 'toyota', 'distinctio', '2018-07-08 07:55:25', '2017-07-18 14:44:36');
INSERT INTO `CAR` (`CAR_ID`, `MPG`, `PLATE_NUMBER`, `YEAR`, `SEATS`, `SPECIAL_NEEDS_FLAG`, `CAR_PICTURE`, `COLOR`, `MAKE`, `MODEL`, `CREATE_DATE`, `UPDATE_DATE`) VALUES (68, 32, 2870727, 1996, 4, 'y', '/09a51cf3781658aebe04b5ff7f7bf699.jpg', 'White', 'ford', 'nisi', '2017-05-17 05:09:51', '2017-06-06 05:49:51');
INSERT INTO `CAR` (`CAR_ID`, `MPG`, `PLATE_NUMBER`, `YEAR`, `SEATS`, `SPECIAL_NEEDS_FLAG`, `CAR_PICTURE`, `COLOR`, `MAKE`, `MODEL`, `CREATE_DATE`, `UPDATE_DATE`) VALUES (69, 31, 2090632, 2006, 1, 'n', '/f115277a99ea6e96dcb52f7a883b6ae5.jpg', 'Orange', 'ford', 'minus', '2016-12-17 14:48:53', '2017-05-23 22:11:42');
INSERT INTO `CAR` (`CAR_ID`, `MPG`, `PLATE_NUMBER`, `YEAR`, `SEATS`, `SPECIAL_NEEDS_FLAG`, `CAR_PICTURE`, `COLOR`, `MAKE`, `MODEL`, `CREATE_DATE`, `UPDATE_DATE`) VALUES (70, 85, 7367476, 2004, 9, 'n', '/90d319de2ac0cd28e9f9979e5aa03ec3.jpg', 'Moccasin', 'mazda', 'accusantium', '2017-05-20 06:41:39', '2018-09-18 20:30:11');
INSERT INTO `CAR` (`CAR_ID`, `MPG`, `PLATE_NUMBER`, `YEAR`, `SEATS`, `SPECIAL_NEEDS_FLAG`, `CAR_PICTURE`, `COLOR`, `MAKE`, `MODEL`, `CREATE_DATE`, `UPDATE_DATE`) VALUES (71, 52, 3604797, 1999, 4, 'y', '/8926bb9738cd075750b5659f3d42b837.jpg', 'FloralWhite', 'gm', 'et', '2016-12-02 23:29:54', '2016-06-29 12:26:05');
INSERT INTO `CAR` (`CAR_ID`, `MPG`, `PLATE_NUMBER`, `YEAR`, `SEATS`, `SPECIAL_NEEDS_FLAG`, `CAR_PICTURE`, `COLOR`, `MAKE`, `MODEL`, `CREATE_DATE`, `UPDATE_DATE`) VALUES (72, 28, 7066045, 2002, 10, 'y', '/28e4f333567cc36424baf3f9e4d71580.jpg', 'MidnightBlue', 'gm', 'unde', '2018-09-01 10:53:51', '2016-10-16 23:06:26');
INSERT INTO `CAR` (`CAR_ID`, `MPG`, `PLATE_NUMBER`, `YEAR`, `SEATS`, `SPECIAL_NEEDS_FLAG`, `CAR_PICTURE`, `COLOR`, `MAKE`, `MODEL`, `CREATE_DATE`, `UPDATE_DATE`) VALUES (73, 90, 4706930, 2018, 5, 'y', '/1ebc140bc80251f3f0d9059f0bc5ec01.jpg', 'HoneyDew', 'gm', 'quibusdam', '2019-03-13 08:19:01', '2018-03-20 17:21:37');
INSERT INTO `CAR` (`CAR_ID`, `MPG`, `PLATE_NUMBER`, `YEAR`, `SEATS`, `SPECIAL_NEEDS_FLAG`, `CAR_PICTURE`, `COLOR`, `MAKE`, `MODEL`, `CREATE_DATE`, `UPDATE_DATE`) VALUES (74, 13, 376646, 1990, 4, 'y', '/0b53f28dd732a0907f107b1f4f353b4f.jpg', 'Moccasin', 'honda', 'nisi', '2018-08-08 06:29:08', '2017-09-20 10:20:09');
INSERT INTO `CAR` (`CAR_ID`, `MPG`, `PLATE_NUMBER`, `YEAR`, `SEATS`, `SPECIAL_NEEDS_FLAG`, `CAR_PICTURE`, `COLOR`, `MAKE`, `MODEL`, `CREATE_DATE`, `UPDATE_DATE`) VALUES (75, 54, 9456654, 2015, 4, 'n', '/8f8c1cac4befe05b032756ff67c3d518.jpg', 'Brown', 'honda', 'sapiente', '2017-11-18 00:17:55', '2017-05-21 17:49:54');
INSERT INTO `CAR` (`CAR_ID`, `MPG`, `PLATE_NUMBER`, `YEAR`, `SEATS`, `SPECIAL_NEEDS_FLAG`, `CAR_PICTURE`, `COLOR`, `MAKE`, `MODEL`, `CREATE_DATE`, `UPDATE_DATE`) VALUES (76, 80, 9429774, 1991, 8, 'n', '/191b4f299c1f42ead60ad6872f4d49dd.jpg', 'Salmon', 'ford', 'numquam', '2019-01-18 09:44:16', '2019-05-26 05:40:32');
INSERT INTO `CAR` (`CAR_ID`, `MPG`, `PLATE_NUMBER`, `YEAR`, `SEATS`, `SPECIAL_NEEDS_FLAG`, `CAR_PICTURE`, `COLOR`, `MAKE`, `MODEL`, `CREATE_DATE`, `UPDATE_DATE`) VALUES (77, 63, 8468257, 1996, 5, 'n', '/c4dd9621cbc4e66197ce11dfe520d079.jpg', 'DarkGreen', 'toyota', 'et', '2019-03-19 00:53:57', '2016-10-30 17:39:43');
INSERT INTO `CAR` (`CAR_ID`, `MPG`, `PLATE_NUMBER`, `YEAR`, `SEATS`, `SPECIAL_NEEDS_FLAG`, `CAR_PICTURE`, `COLOR`, `MAKE`, `MODEL`, `CREATE_DATE`, `UPDATE_DATE`) VALUES (78, 77, 8358704, 2016, 3, 'n', '/6bcff3d546e8cfae2e68d4a876c07aff.jpg', 'DarkSeaGreen', 'honda', 'a', '2017-04-20 17:44:01', '2019-02-03 21:02:37');
INSERT INTO `CAR` (`CAR_ID`, `MPG`, `PLATE_NUMBER`, `YEAR`, `SEATS`, `SPECIAL_NEEDS_FLAG`, `CAR_PICTURE`, `COLOR`, `MAKE`, `MODEL`, `CREATE_DATE`, `UPDATE_DATE`) VALUES (79, 37, 5289589, 2004, 5, 'n', '/d5ddf6dad6c1032e72aefae621094a31.jpg', 'Moccasin', 'toyota', 'occaecati', '2017-09-18 18:57:15', '2017-02-28 06:05:28');
INSERT INTO `CAR` (`CAR_ID`, `MPG`, `PLATE_NUMBER`, `YEAR`, `SEATS`, `SPECIAL_NEEDS_FLAG`, `CAR_PICTURE`, `COLOR`, `MAKE`, `MODEL`, `CREATE_DATE`, `UPDATE_DATE`) VALUES (80, 18, 9564256, 2013, 4, 'n', '/ae69a52603e560a4d17298e03089c28d.jpg', 'Indigo ', 'ford', 'placeat', '2018-05-24 00:24:21', '2018-12-01 09:57:05');
INSERT INTO `CAR` (`CAR_ID`, `MPG`, `PLATE_NUMBER`, `YEAR`, `SEATS`, `SPECIAL_NEEDS_FLAG`, `CAR_PICTURE`, `COLOR`, `MAKE`, `MODEL`, `CREATE_DATE`, `UPDATE_DATE`) VALUES (81, 13, 5620009, 2015, 1, 'y', '/826f2f912dfc6c9265807264bdb6da6f.jpg', 'MediumTurquoise', 'toyota', 'quo', '2016-08-11 05:39:33', '2017-03-12 04:18:25');
INSERT INTO `CAR` (`CAR_ID`, `MPG`, `PLATE_NUMBER`, `YEAR`, `SEATS`, `SPECIAL_NEEDS_FLAG`, `CAR_PICTURE`, `COLOR`, `MAKE`, `MODEL`, `CREATE_DATE`, `UPDATE_DATE`) VALUES (82, 34, 5719184, 1992, 10, 'n', '/9a93e25d8ab4bae5b15c5cc16cba50ec.jpg', 'Crimson', 'gm', 'temporibus', '2017-10-15 02:42:15', '2019-05-02 12:20:36');
INSERT INTO `CAR` (`CAR_ID`, `MPG`, `PLATE_NUMBER`, `YEAR`, `SEATS`, `SPECIAL_NEEDS_FLAG`, `CAR_PICTURE`, `COLOR`, `MAKE`, `MODEL`, `CREATE_DATE`, `UPDATE_DATE`) VALUES (83, 80, 6165301, 1998, 9, 'y', '/438113a19b3bc4e0690a18c91c38f7d8.jpg', 'MintCream', 'gm', 'est', '2017-06-14 03:15:16', '2019-03-13 14:26:23');
INSERT INTO `CAR` (`CAR_ID`, `MPG`, `PLATE_NUMBER`, `YEAR`, `SEATS`, `SPECIAL_NEEDS_FLAG`, `CAR_PICTURE`, `COLOR`, `MAKE`, `MODEL`, `CREATE_DATE`, `UPDATE_DATE`) VALUES (84, 51, 4666241, 1993, 2, 'y', '/7a28d63082804faa199845f3ee17d8f2.jpg', 'AliceBlue', 'ford', 'ut', '2016-07-30 22:03:52', '2017-09-12 02:54:40');
INSERT INTO `CAR` (`CAR_ID`, `MPG`, `PLATE_NUMBER`, `YEAR`, `SEATS`, `SPECIAL_NEEDS_FLAG`, `CAR_PICTURE`, `COLOR`, `MAKE`, `MODEL`, `CREATE_DATE`, `UPDATE_DATE`) VALUES (85, 24, 3582194, 2009, 6, 'n', '/f9873959e8b45790d50ecc5300e71bef.jpg', 'MediumSeaGreen', 'mazda', 'a', '2017-04-25 11:24:06', '2016-07-10 08:42:37');
INSERT INTO `CAR` (`CAR_ID`, `MPG`, `PLATE_NUMBER`, `YEAR`, `SEATS`, `SPECIAL_NEEDS_FLAG`, `CAR_PICTURE`, `COLOR`, `MAKE`, `MODEL`, `CREATE_DATE`, `UPDATE_DATE`) VALUES (86, 49, 8252964, 2005, 9, 'y', '/3aebbe66a2d35a9a77ba6db4a50f0e60.jpg', 'LawnGreen', 'mazda', 'omnis', '2019-03-05 22:25:57', '2018-08-09 19:01:39');
INSERT INTO `CAR` (`CAR_ID`, `MPG`, `PLATE_NUMBER`, `YEAR`, `SEATS`, `SPECIAL_NEEDS_FLAG`, `CAR_PICTURE`, `COLOR`, `MAKE`, `MODEL`, `CREATE_DATE`, `UPDATE_DATE`) VALUES (87, 53, 6464233, 1996, 10, 'y', '/9f85534fbfa0c704c8eb0c4e983b54c2.jpg', 'ForestGreen', 'honda', 'et', '2019-01-15 22:20:51', '2019-03-19 11:45:03');
INSERT INTO `CAR` (`CAR_ID`, `MPG`, `PLATE_NUMBER`, `YEAR`, `SEATS`, `SPECIAL_NEEDS_FLAG`, `CAR_PICTURE`, `COLOR`, `MAKE`, `MODEL`, `CREATE_DATE`, `UPDATE_DATE`) VALUES (88, 63, 5991321, 2008, 9, 'n', '/a6b68e2266b5e8b3fc1c1ca6d0a44f33.jpg', 'MediumSlateBlue', 'ford', 'ipsum', '2018-12-22 21:58:22', '2018-12-03 20:09:10');
INSERT INTO `CAR` (`CAR_ID`, `MPG`, `PLATE_NUMBER`, `YEAR`, `SEATS`, `SPECIAL_NEEDS_FLAG`, `CAR_PICTURE`, `COLOR`, `MAKE`, `MODEL`, `CREATE_DATE`, `UPDATE_DATE`) VALUES (89, 62, 8002569, 2017, 8, 'n', '/17a671899301e030bea0e1cc33f67393.jpg', 'Magenta', 'ford', 'repellat', '2017-01-27 21:29:41', '2018-03-01 14:25:52');
INSERT INTO `CAR` (`CAR_ID`, `MPG`, `PLATE_NUMBER`, `YEAR`, `SEATS`, `SPECIAL_NEEDS_FLAG`, `CAR_PICTURE`, `COLOR`, `MAKE`, `MODEL`, `CREATE_DATE`, `UPDATE_DATE`) VALUES (90, 96, 8307510, 2013, 4, 'n', '/edc7e6f8b226fd675505acf32e9e8420.jpg', 'MediumAquaMarine', 'gm', 'magnam', '2018-06-07 02:01:17', '2017-01-19 08:01:14');
INSERT INTO `CAR` (`CAR_ID`, `MPG`, `PLATE_NUMBER`, `YEAR`, `SEATS`, `SPECIAL_NEEDS_FLAG`, `CAR_PICTURE`, `COLOR`, `MAKE`, `MODEL`, `CREATE_DATE`, `UPDATE_DATE`) VALUES (91, 27, 5809950, 2008, 3, 'y', '/f262a66b664ff7bf8aa5767baee1fd14.jpg', 'HoneyDew', 'ford', 'est', '2018-06-04 22:35:13', '2017-10-12 08:57:06');
INSERT INTO `CAR` (`CAR_ID`, `MPG`, `PLATE_NUMBER`, `YEAR`, `SEATS`, `SPECIAL_NEEDS_FLAG`, `CAR_PICTURE`, `COLOR`, `MAKE`, `MODEL`, `CREATE_DATE`, `UPDATE_DATE`) VALUES (92, 99, 3816012, 1995, 6, 'y', '/edf9c843726e19142016be55b0db2bfe.jpg', 'Silver', 'ford', 'doloribus', '2018-01-19 07:17:02', '2016-11-23 17:28:02');
INSERT INTO `CAR` (`CAR_ID`, `MPG`, `PLATE_NUMBER`, `YEAR`, `SEATS`, `SPECIAL_NEEDS_FLAG`, `CAR_PICTURE`, `COLOR`, `MAKE`, `MODEL`, `CREATE_DATE`, `UPDATE_DATE`) VALUES (93, 78, 9764745, 2000, 1, 'y', '/c0b76407f7c1c8c2c6d80efc66a12f82.jpg', 'Gray', 'mazda', 'tempora', '2017-12-15 06:57:53', '2018-04-12 08:46:49');
INSERT INTO `CAR` (`CAR_ID`, `MPG`, `PLATE_NUMBER`, `YEAR`, `SEATS`, `SPECIAL_NEEDS_FLAG`, `CAR_PICTURE`, `COLOR`, `MAKE`, `MODEL`, `CREATE_DATE`, `UPDATE_DATE`) VALUES (94, 13, 301387, 1994, 7, 'y', '/86a5951148e3ddb6d6bb38d5fc2859e1.jpg', 'Black', 'mazda', 'quis', '2019-01-07 18:03:59', '2018-12-24 21:13:12');
INSERT INTO `CAR` (`CAR_ID`, `MPG`, `PLATE_NUMBER`, `YEAR`, `SEATS`, `SPECIAL_NEEDS_FLAG`, `CAR_PICTURE`, `COLOR`, `MAKE`, `MODEL`, `CREATE_DATE`, `UPDATE_DATE`) VALUES (95, 85, 3351547, 2017, 10, 'n', '/2182f03f322dc37e37744606536ff7de.jpg', 'RoyalBlue', 'toyota', 'debitis', '2018-11-09 01:33:18', '2016-06-16 21:56:41');
INSERT INTO `CAR` (`CAR_ID`, `MPG`, `PLATE_NUMBER`, `YEAR`, `SEATS`, `SPECIAL_NEEDS_FLAG`, `CAR_PICTURE`, `COLOR`, `MAKE`, `MODEL`, `CREATE_DATE`, `UPDATE_DATE`) VALUES (96, 59, 4049195, 2005, 8, 'y', '/3ccbec0c2a45195ed18126a1020e497d.jpg', 'Tomato', 'toyota', 'ipsam', '2018-03-12 02:12:07', '2018-10-30 18:02:42');
INSERT INTO `CAR` (`CAR_ID`, `MPG`, `PLATE_NUMBER`, `YEAR`, `SEATS`, `SPECIAL_NEEDS_FLAG`, `CAR_PICTURE`, `COLOR`, `MAKE`, `MODEL`, `CREATE_DATE`, `UPDATE_DATE`) VALUES (97, 12, 370105, 1992, 4, 'n', '/acf4b82e4ef1bece4efbb852a4a70919.jpg', 'DarkSlateGray', 'toyota', 'deserunt', '2018-08-10 21:43:58', '2018-01-04 05:26:44');
INSERT INTO `CAR` (`CAR_ID`, `MPG`, `PLATE_NUMBER`, `YEAR`, `SEATS`, `SPECIAL_NEEDS_FLAG`, `CAR_PICTURE`, `COLOR`, `MAKE`, `MODEL`, `CREATE_DATE`, `UPDATE_DATE`) VALUES (98, 69, 6175936, 2012, 5, 'n', '/0b4296a134784fa4d6838e02f847a44c.jpg', 'Gold', 'mazda', 'qui', '2018-11-28 20:48:37', '2019-01-21 19:03:22');
INSERT INTO `CAR` (`CAR_ID`, `MPG`, `PLATE_NUMBER`, `YEAR`, `SEATS`, `SPECIAL_NEEDS_FLAG`, `CAR_PICTURE`, `COLOR`, `MAKE`, `MODEL`, `CREATE_DATE`, `UPDATE_DATE`) VALUES (99, 85, 7318438, 1990, 2, 'n', '/0786b20cd8a7933432368b45d4841021.jpg', 'MediumBlue', 'toyota', 'optio', '2018-06-27 01:20:28', '2018-05-26 02:46:28');
INSERT INTO `CAR` (`CAR_ID`, `MPG`, `PLATE_NUMBER`, `YEAR`, `SEATS`, `SPECIAL_NEEDS_FLAG`, `CAR_PICTURE`, `COLOR`, `MAKE`, `MODEL`, `CREATE_DATE`, `UPDATE_DATE`) VALUES (100, 93, 7900814, 2007, 2, 'y', '/6497b81f68629c9287f51e402486fe3f.jpg', 'DarkMagenta', 'gm', 'facilis', '2018-07-02 20:38:09', '2018-11-03 19:32:47');


INSERT INTO `DRIVER` (`DRIVER_ID`, `DRIVER_VERIFIED_FLAG`, `USER_ID`, `CREATE_DATE`, `UPDATE_DATE`) VALUES (1, 'y', 1, '2017-07-20 19:45:38', '2017-09-11 22:15:31');
INSERT INTO `DRIVER` (`DRIVER_ID`, `DRIVER_VERIFIED_FLAG`, `USER_ID`, `CREATE_DATE`, `UPDATE_DATE`) VALUES (2, 'y', 2, '2018-06-07 22:26:06', '2017-03-13 20:38:06');
INSERT INTO `DRIVER` (`DRIVER_ID`, `DRIVER_VERIFIED_FLAG`, `USER_ID`, `CREATE_DATE`, `UPDATE_DATE`) VALUES (3, 'y', 3, '2016-07-23 08:52:19', '2017-01-06 01:56:09');
INSERT INTO `DRIVER` (`DRIVER_ID`, `DRIVER_VERIFIED_FLAG`, `USER_ID`, `CREATE_DATE`, `UPDATE_DATE`) VALUES (4, 'n', 4, '2017-05-05 04:53:14', '2017-09-09 18:13:36');
INSERT INTO `DRIVER` (`DRIVER_ID`, `DRIVER_VERIFIED_FLAG`, `USER_ID`, `CREATE_DATE`, `UPDATE_DATE`) VALUES (5, 'y', 5, '2016-12-02 03:15:26', '2016-12-16 21:24:52');
INSERT INTO `DRIVER` (`DRIVER_ID`, `DRIVER_VERIFIED_FLAG`, `USER_ID`, `CREATE_DATE`, `UPDATE_DATE`) VALUES (6, 'y', 6, '2018-09-01 12:03:48', '2018-08-06 13:47:26');
INSERT INTO `DRIVER` (`DRIVER_ID`, `DRIVER_VERIFIED_FLAG`, `USER_ID`, `CREATE_DATE`, `UPDATE_DATE`) VALUES (7, 'y', 7, '2018-01-18 16:07:00', '2018-11-08 04:43:41');
INSERT INTO `DRIVER` (`DRIVER_ID`, `DRIVER_VERIFIED_FLAG`, `USER_ID`, `CREATE_DATE`, `UPDATE_DATE`) VALUES (8, 'y', 8, '2017-11-02 12:08:11', '2017-11-09 22:41:55');
INSERT INTO `DRIVER` (`DRIVER_ID`, `DRIVER_VERIFIED_FLAG`, `USER_ID`, `CREATE_DATE`, `UPDATE_DATE`) VALUES (9, 'n', 9, '2016-12-18 07:41:20', '2017-09-19 10:19:35');
INSERT INTO `DRIVER` (`DRIVER_ID`, `DRIVER_VERIFIED_FLAG`, `USER_ID`, `CREATE_DATE`, `UPDATE_DATE`) VALUES (10, 'y', 10, '2017-04-29 20:37:38', '2018-10-05 14:55:16');
INSERT INTO `DRIVER` (`DRIVER_ID`, `DRIVER_VERIFIED_FLAG`, `USER_ID`, `CREATE_DATE`, `UPDATE_DATE`) VALUES (11, 'y', 11, '2017-04-04 00:49:46', '2017-10-19 07:22:41');
INSERT INTO `DRIVER` (`DRIVER_ID`, `DRIVER_VERIFIED_FLAG`, `USER_ID`, `CREATE_DATE`, `UPDATE_DATE`) VALUES (12, 'n', 12, '2016-08-10 06:37:11', '2016-08-13 20:53:22');
INSERT INTO `DRIVER` (`DRIVER_ID`, `DRIVER_VERIFIED_FLAG`, `USER_ID`, `CREATE_DATE`, `UPDATE_DATE`) VALUES (13, 'n', 13, '2018-12-20 02:51:01', '2018-01-09 04:53:46');
INSERT INTO `DRIVER` (`DRIVER_ID`, `DRIVER_VERIFIED_FLAG`, `USER_ID`, `CREATE_DATE`, `UPDATE_DATE`) VALUES (14, 'y', 14, '2016-09-24 02:28:39', '2018-06-07 00:23:11');
INSERT INTO `DRIVER` (`DRIVER_ID`, `DRIVER_VERIFIED_FLAG`, `USER_ID`, `CREATE_DATE`, `UPDATE_DATE`) VALUES (15, 'y', 15, '2016-08-04 15:05:50', '2018-10-11 10:00:37');
INSERT INTO `DRIVER` (`DRIVER_ID`, `DRIVER_VERIFIED_FLAG`, `USER_ID`, `CREATE_DATE`, `UPDATE_DATE`) VALUES (16, 'n', 16, '2017-02-16 17:19:28', '2017-02-01 14:39:41');
INSERT INTO `DRIVER` (`DRIVER_ID`, `DRIVER_VERIFIED_FLAG`, `USER_ID`, `CREATE_DATE`, `UPDATE_DATE`) VALUES (17, 'n', 17, '2016-12-30 19:00:54', '2018-01-02 19:12:47');
INSERT INTO `DRIVER` (`DRIVER_ID`, `DRIVER_VERIFIED_FLAG`, `USER_ID`, `CREATE_DATE`, `UPDATE_DATE`) VALUES (18, 'y', 18, '2017-11-12 09:43:25', '2018-04-13 01:56:38');
INSERT INTO `DRIVER` (`DRIVER_ID`, `DRIVER_VERIFIED_FLAG`, `USER_ID`, `CREATE_DATE`, `UPDATE_DATE`) VALUES (19, 'n', 19, '2018-08-23 06:44:34', '2016-12-07 14:18:49');
INSERT INTO `DRIVER` (`DRIVER_ID`, `DRIVER_VERIFIED_FLAG`, `USER_ID`, `CREATE_DATE`, `UPDATE_DATE`) VALUES (20, 'n', 20, '2017-06-22 03:13:05', '2017-08-31 19:37:42');
INSERT INTO `DRIVER` (`DRIVER_ID`, `DRIVER_VERIFIED_FLAG`, `USER_ID`, `CREATE_DATE`, `UPDATE_DATE`) VALUES (21, 'n', 21, '2017-07-24 15:47:23', '2017-05-14 09:04:43');
INSERT INTO `DRIVER` (`DRIVER_ID`, `DRIVER_VERIFIED_FLAG`, `USER_ID`, `CREATE_DATE`, `UPDATE_DATE`) VALUES (22, 'y', 22, '2017-07-27 23:11:47', '2018-04-19 16:59:49');
INSERT INTO `DRIVER` (`DRIVER_ID`, `DRIVER_VERIFIED_FLAG`, `USER_ID`, `CREATE_DATE`, `UPDATE_DATE`) VALUES (23, 'n', 23, '2017-10-04 10:21:22', '2017-06-05 19:32:03');
INSERT INTO `DRIVER` (`DRIVER_ID`, `DRIVER_VERIFIED_FLAG`, `USER_ID`, `CREATE_DATE`, `UPDATE_DATE`) VALUES (24, 'y', 24, '2017-03-29 19:19:16', '2017-10-17 10:44:53');
INSERT INTO `DRIVER` (`DRIVER_ID`, `DRIVER_VERIFIED_FLAG`, `USER_ID`, `CREATE_DATE`, `UPDATE_DATE`) VALUES (25, 'n', 25, '2017-12-26 07:22:00', '2019-01-22 01:05:11');
INSERT INTO `DRIVER` (`DRIVER_ID`, `DRIVER_VERIFIED_FLAG`, `USER_ID`, `CREATE_DATE`, `UPDATE_DATE`) VALUES (26, 'y', 26, '2016-08-13 15:44:27', '2018-01-08 00:40:28');
INSERT INTO `DRIVER` (`DRIVER_ID`, `DRIVER_VERIFIED_FLAG`, `USER_ID`, `CREATE_DATE`, `UPDATE_DATE`) VALUES (27, 'y', 27, '2017-07-07 07:00:50', '2018-02-24 03:23:23');
INSERT INTO `DRIVER` (`DRIVER_ID`, `DRIVER_VERIFIED_FLAG`, `USER_ID`, `CREATE_DATE`, `UPDATE_DATE`) VALUES (28, 'y', 28, '2018-06-16 16:01:29', '2017-08-22 10:03:51');
INSERT INTO `DRIVER` (`DRIVER_ID`, `DRIVER_VERIFIED_FLAG`, `USER_ID`, `CREATE_DATE`, `UPDATE_DATE`) VALUES (29, 'n', 29, '2016-09-16 20:27:59', '2019-01-27 08:37:47');
INSERT INTO `DRIVER` (`DRIVER_ID`, `DRIVER_VERIFIED_FLAG`, `USER_ID`, `CREATE_DATE`, `UPDATE_DATE`) VALUES (30, 'y', 30, '2016-11-28 17:21:41', '2017-04-07 13:05:31');
INSERT INTO `DRIVER` (`DRIVER_ID`, `DRIVER_VERIFIED_FLAG`, `USER_ID`, `CREATE_DATE`, `UPDATE_DATE`) VALUES (31, 'n', 31, '2017-03-07 17:03:40', '2018-08-15 17:46:53');
INSERT INTO `DRIVER` (`DRIVER_ID`, `DRIVER_VERIFIED_FLAG`, `USER_ID`, `CREATE_DATE`, `UPDATE_DATE`) VALUES (32, 'y', 32, '2016-10-31 07:37:45', '2018-10-19 20:39:42');
INSERT INTO `DRIVER` (`DRIVER_ID`, `DRIVER_VERIFIED_FLAG`, `USER_ID`, `CREATE_DATE`, `UPDATE_DATE`) VALUES (33, 'y', 33, '2016-11-26 12:19:05', '2018-02-26 12:18:44');
INSERT INTO `DRIVER` (`DRIVER_ID`, `DRIVER_VERIFIED_FLAG`, `USER_ID`, `CREATE_DATE`, `UPDATE_DATE`) VALUES (34, 'n', 34, '2018-09-12 15:27:35', '2016-06-20 02:02:50');
INSERT INTO `DRIVER` (`DRIVER_ID`, `DRIVER_VERIFIED_FLAG`, `USER_ID`, `CREATE_DATE`, `UPDATE_DATE`) VALUES (35, 'y', 35, '2019-04-28 22:20:43', '2016-10-02 11:43:17');
INSERT INTO `DRIVER` (`DRIVER_ID`, `DRIVER_VERIFIED_FLAG`, `USER_ID`, `CREATE_DATE`, `UPDATE_DATE`) VALUES (36, 'n', 36, '2017-05-28 19:49:21', '2018-10-07 10:23:12');
INSERT INTO `DRIVER` (`DRIVER_ID`, `DRIVER_VERIFIED_FLAG`, `USER_ID`, `CREATE_DATE`, `UPDATE_DATE`) VALUES (37, 'n', 37, '2016-11-30 04:50:01', '2017-08-18 21:24:25');
INSERT INTO `DRIVER` (`DRIVER_ID`, `DRIVER_VERIFIED_FLAG`, `USER_ID`, `CREATE_DATE`, `UPDATE_DATE`) VALUES (38, 'y', 38, '2018-08-03 06:04:37', '2018-11-14 09:56:44');
INSERT INTO `DRIVER` (`DRIVER_ID`, `DRIVER_VERIFIED_FLAG`, `USER_ID`, `CREATE_DATE`, `UPDATE_DATE`) VALUES (39, 'n', 39, '2018-09-03 23:23:58', '2017-12-02 05:38:38');
INSERT INTO `DRIVER` (`DRIVER_ID`, `DRIVER_VERIFIED_FLAG`, `USER_ID`, `CREATE_DATE`, `UPDATE_DATE`) VALUES (40, 'y', 40, '2018-07-08 04:23:56', '2018-01-20 09:24:09');
INSERT INTO `DRIVER` (`DRIVER_ID`, `DRIVER_VERIFIED_FLAG`, `USER_ID`, `CREATE_DATE`, `UPDATE_DATE`) VALUES (41, 'n', 41, '2018-07-29 19:30:20', '2017-11-04 08:55:18');
INSERT INTO `DRIVER` (`DRIVER_ID`, `DRIVER_VERIFIED_FLAG`, `USER_ID`, `CREATE_DATE`, `UPDATE_DATE`) VALUES (42, 'n', 42, '2018-04-23 08:14:19', '2018-06-13 18:13:45');
INSERT INTO `DRIVER` (`DRIVER_ID`, `DRIVER_VERIFIED_FLAG`, `USER_ID`, `CREATE_DATE`, `UPDATE_DATE`) VALUES (43, 'n', 43, '2018-07-17 00:33:37', '2018-08-03 14:37:59');
INSERT INTO `DRIVER` (`DRIVER_ID`, `DRIVER_VERIFIED_FLAG`, `USER_ID`, `CREATE_DATE`, `UPDATE_DATE`) VALUES (44, 'n', 44, '2016-07-11 15:20:46', '2017-06-25 08:07:47');
INSERT INTO `DRIVER` (`DRIVER_ID`, `DRIVER_VERIFIED_FLAG`, `USER_ID`, `CREATE_DATE`, `UPDATE_DATE`) VALUES (45, 'y', 45, '2018-09-16 20:54:19', '2017-09-12 05:42:03');
INSERT INTO `DRIVER` (`DRIVER_ID`, `DRIVER_VERIFIED_FLAG`, `USER_ID`, `CREATE_DATE`, `UPDATE_DATE`) VALUES (46, 'n', 46, '2017-12-26 03:02:29', '2017-08-25 13:01:54');
INSERT INTO `DRIVER` (`DRIVER_ID`, `DRIVER_VERIFIED_FLAG`, `USER_ID`, `CREATE_DATE`, `UPDATE_DATE`) VALUES (47, 'n', 47, '2018-12-19 17:13:19', '2019-01-21 03:53:01');
INSERT INTO `DRIVER` (`DRIVER_ID`, `DRIVER_VERIFIED_FLAG`, `USER_ID`, `CREATE_DATE`, `UPDATE_DATE`) VALUES (48, 'n', 48, '2016-10-22 04:57:27', '2019-02-25 21:15:26');
INSERT INTO `DRIVER` (`DRIVER_ID`, `DRIVER_VERIFIED_FLAG`, `USER_ID`, `CREATE_DATE`, `UPDATE_DATE`) VALUES (49, 'n', 49, '2019-04-22 00:24:13', '2017-03-28 22:25:34');
INSERT INTO `DRIVER` (`DRIVER_ID`, `DRIVER_VERIFIED_FLAG`, `USER_ID`, `CREATE_DATE`, `UPDATE_DATE`) VALUES (50, 'n', 50, '2018-04-30 21:04:25', '2017-08-11 13:58:16');
INSERT INTO `DRIVER` (`DRIVER_ID`, `DRIVER_VERIFIED_FLAG`, `USER_ID`, `CREATE_DATE`, `UPDATE_DATE`) VALUES (51, 'y', 51, '2016-07-03 19:55:34', '2019-05-20 20:57:37');
INSERT INTO `DRIVER` (`DRIVER_ID`, `DRIVER_VERIFIED_FLAG`, `USER_ID`, `CREATE_DATE`, `UPDATE_DATE`) VALUES (52, 'y', 52, '2019-01-17 16:41:24', '2019-01-19 06:16:36');
INSERT INTO `DRIVER` (`DRIVER_ID`, `DRIVER_VERIFIED_FLAG`, `USER_ID`, `CREATE_DATE`, `UPDATE_DATE`) VALUES (53, 'n', 53, '2018-07-11 05:26:04', '2017-11-21 14:00:29');
INSERT INTO `DRIVER` (`DRIVER_ID`, `DRIVER_VERIFIED_FLAG`, `USER_ID`, `CREATE_DATE`, `UPDATE_DATE`) VALUES (54, 'n', 54, '2019-05-17 08:36:15', '2018-01-09 21:34:29');
INSERT INTO `DRIVER` (`DRIVER_ID`, `DRIVER_VERIFIED_FLAG`, `USER_ID`, `CREATE_DATE`, `UPDATE_DATE`) VALUES (55, 'n', 55, '2019-05-12 10:44:42', '2019-01-27 20:37:44');
INSERT INTO `DRIVER` (`DRIVER_ID`, `DRIVER_VERIFIED_FLAG`, `USER_ID`, `CREATE_DATE`, `UPDATE_DATE`) VALUES (56, 'y', 56, '2017-08-01 04:03:18', '2017-09-19 07:44:47');
INSERT INTO `DRIVER` (`DRIVER_ID`, `DRIVER_VERIFIED_FLAG`, `USER_ID`, `CREATE_DATE`, `UPDATE_DATE`) VALUES (57, 'n', 57, '2018-10-18 15:57:12', '2016-11-17 22:11:02');
INSERT INTO `DRIVER` (`DRIVER_ID`, `DRIVER_VERIFIED_FLAG`, `USER_ID`, `CREATE_DATE`, `UPDATE_DATE`) VALUES (58, 'y', 58, '2018-02-25 11:04:13', '2018-06-17 02:23:32');
INSERT INTO `DRIVER` (`DRIVER_ID`, `DRIVER_VERIFIED_FLAG`, `USER_ID`, `CREATE_DATE`, `UPDATE_DATE`) VALUES (59, 'n', 59, '2018-10-29 14:08:15', '2018-08-18 19:58:35');
INSERT INTO `DRIVER` (`DRIVER_ID`, `DRIVER_VERIFIED_FLAG`, `USER_ID`, `CREATE_DATE`, `UPDATE_DATE`) VALUES (60, 'y', 60, '2018-02-15 17:42:54', '2016-12-10 17:46:54');
INSERT INTO `DRIVER` (`DRIVER_ID`, `DRIVER_VERIFIED_FLAG`, `USER_ID`, `CREATE_DATE`, `UPDATE_DATE`) VALUES (61, 'n', 61, '2016-09-14 00:53:47', '2017-03-10 14:19:58');
INSERT INTO `DRIVER` (`DRIVER_ID`, `DRIVER_VERIFIED_FLAG`, `USER_ID`, `CREATE_DATE`, `UPDATE_DATE`) VALUES (62, 'n', 62, '2016-08-02 17:11:26', '2019-01-18 17:57:54');
INSERT INTO `DRIVER` (`DRIVER_ID`, `DRIVER_VERIFIED_FLAG`, `USER_ID`, `CREATE_DATE`, `UPDATE_DATE`) VALUES (63, 'n', 63, '2017-10-03 18:48:19', '2017-05-15 19:08:10');
INSERT INTO `DRIVER` (`DRIVER_ID`, `DRIVER_VERIFIED_FLAG`, `USER_ID`, `CREATE_DATE`, `UPDATE_DATE`) VALUES (64, 'y', 64, '2018-02-27 01:03:33', '2016-10-08 09:05:57');
INSERT INTO `DRIVER` (`DRIVER_ID`, `DRIVER_VERIFIED_FLAG`, `USER_ID`, `CREATE_DATE`, `UPDATE_DATE`) VALUES (65, 'n', 65, '2017-04-08 10:55:08', '2016-09-12 03:02:35');
INSERT INTO `DRIVER` (`DRIVER_ID`, `DRIVER_VERIFIED_FLAG`, `USER_ID`, `CREATE_DATE`, `UPDATE_DATE`) VALUES (66, 'n', 66, '2017-08-15 02:52:54', '2017-03-20 09:52:46');
INSERT INTO `DRIVER` (`DRIVER_ID`, `DRIVER_VERIFIED_FLAG`, `USER_ID`, `CREATE_DATE`, `UPDATE_DATE`) VALUES (67, 'y', 67, '2019-05-06 14:55:04', '2018-01-29 22:13:35');
INSERT INTO `DRIVER` (`DRIVER_ID`, `DRIVER_VERIFIED_FLAG`, `USER_ID`, `CREATE_DATE`, `UPDATE_DATE`) VALUES (68, 'y', 68, '2017-12-10 17:43:04', '2019-03-08 03:54:33');
INSERT INTO `DRIVER` (`DRIVER_ID`, `DRIVER_VERIFIED_FLAG`, `USER_ID`, `CREATE_DATE`, `UPDATE_DATE`) VALUES (69, 'y', 69, '2019-01-17 23:39:42', '2019-02-08 05:09:54');
INSERT INTO `DRIVER` (`DRIVER_ID`, `DRIVER_VERIFIED_FLAG`, `USER_ID`, `CREATE_DATE`, `UPDATE_DATE`) VALUES (70, 'n', 70, '2016-11-13 20:35:06', '2018-11-25 10:24:58');
INSERT INTO `DRIVER` (`DRIVER_ID`, `DRIVER_VERIFIED_FLAG`, `USER_ID`, `CREATE_DATE`, `UPDATE_DATE`) VALUES (71, 'y', 71, '2018-06-06 00:34:34', '2018-11-17 17:11:22');
INSERT INTO `DRIVER` (`DRIVER_ID`, `DRIVER_VERIFIED_FLAG`, `USER_ID`, `CREATE_DATE`, `UPDATE_DATE`) VALUES (72, 'n', 72, '2018-02-18 19:22:28', '2016-09-26 03:31:44');
INSERT INTO `DRIVER` (`DRIVER_ID`, `DRIVER_VERIFIED_FLAG`, `USER_ID`, `CREATE_DATE`, `UPDATE_DATE`) VALUES (73, 'y', 73, '2019-01-23 19:17:41', '2017-02-22 13:17:21');
INSERT INTO `DRIVER` (`DRIVER_ID`, `DRIVER_VERIFIED_FLAG`, `USER_ID`, `CREATE_DATE`, `UPDATE_DATE`) VALUES (74, 'y', 74, '2017-06-11 06:07:53', '2017-01-30 05:02:26');
INSERT INTO `DRIVER` (`DRIVER_ID`, `DRIVER_VERIFIED_FLAG`, `USER_ID`, `CREATE_DATE`, `UPDATE_DATE`) VALUES (75, 'y', 75, '2017-12-31 12:59:54', '2017-06-11 02:31:11');
INSERT INTO `DRIVER` (`DRIVER_ID`, `DRIVER_VERIFIED_FLAG`, `USER_ID`, `CREATE_DATE`, `UPDATE_DATE`) VALUES (76, 'y', 76, '2018-04-03 18:11:22', '2017-02-08 23:20:38');
INSERT INTO `DRIVER` (`DRIVER_ID`, `DRIVER_VERIFIED_FLAG`, `USER_ID`, `CREATE_DATE`, `UPDATE_DATE`) VALUES (77, 'n', 77, '2017-06-23 19:03:09', '2017-05-29 17:09:01');
INSERT INTO `DRIVER` (`DRIVER_ID`, `DRIVER_VERIFIED_FLAG`, `USER_ID`, `CREATE_DATE`, `UPDATE_DATE`) VALUES (78, 'y', 78, '2018-06-30 03:13:24', '2017-03-05 22:43:38');
INSERT INTO `DRIVER` (`DRIVER_ID`, `DRIVER_VERIFIED_FLAG`, `USER_ID`, `CREATE_DATE`, `UPDATE_DATE`) VALUES (79, 'n', 79, '2017-09-29 08:19:52', '2018-03-14 00:26:02');
INSERT INTO `DRIVER` (`DRIVER_ID`, `DRIVER_VERIFIED_FLAG`, `USER_ID`, `CREATE_DATE`, `UPDATE_DATE`) VALUES (80, 'n', 80, '2016-08-18 06:47:51', '2018-07-17 00:35:46');
INSERT INTO `DRIVER` (`DRIVER_ID`, `DRIVER_VERIFIED_FLAG`, `USER_ID`, `CREATE_DATE`, `UPDATE_DATE`) VALUES (81, 'n', 81, '2016-09-14 16:11:37', '2018-06-04 09:46:46');
INSERT INTO `DRIVER` (`DRIVER_ID`, `DRIVER_VERIFIED_FLAG`, `USER_ID`, `CREATE_DATE`, `UPDATE_DATE`) VALUES (82, 'n', 82, '2017-10-29 11:08:50', '2018-08-21 23:52:43');
INSERT INTO `DRIVER` (`DRIVER_ID`, `DRIVER_VERIFIED_FLAG`, `USER_ID`, `CREATE_DATE`, `UPDATE_DATE`) VALUES (83, 'y', 83, '2017-01-30 22:49:53', '2017-10-31 14:22:10');
INSERT INTO `DRIVER` (`DRIVER_ID`, `DRIVER_VERIFIED_FLAG`, `USER_ID`, `CREATE_DATE`, `UPDATE_DATE`) VALUES (84, 'y', 84, '2017-11-07 05:07:39', '2018-09-10 00:15:51');
INSERT INTO `DRIVER` (`DRIVER_ID`, `DRIVER_VERIFIED_FLAG`, `USER_ID`, `CREATE_DATE`, `UPDATE_DATE`) VALUES (85, 'y', 85, '2016-12-09 23:47:49', '2019-03-20 03:33:58');
INSERT INTO `DRIVER` (`DRIVER_ID`, `DRIVER_VERIFIED_FLAG`, `USER_ID`, `CREATE_DATE`, `UPDATE_DATE`) VALUES (86, 'y', 86, '2017-01-28 14:10:07', '2017-04-26 22:37:05');
INSERT INTO `DRIVER` (`DRIVER_ID`, `DRIVER_VERIFIED_FLAG`, `USER_ID`, `CREATE_DATE`, `UPDATE_DATE`) VALUES (87, 'n', 87, '2017-10-11 14:31:02', '2018-09-16 22:38:12');
INSERT INTO `DRIVER` (`DRIVER_ID`, `DRIVER_VERIFIED_FLAG`, `USER_ID`, `CREATE_DATE`, `UPDATE_DATE`) VALUES (88, 'n', 88, '2018-11-12 23:13:20', '2018-11-01 01:14:37');
INSERT INTO `DRIVER` (`DRIVER_ID`, `DRIVER_VERIFIED_FLAG`, `USER_ID`, `CREATE_DATE`, `UPDATE_DATE`) VALUES (89, 'y', 89, '2017-02-21 14:09:37', '2017-01-14 11:53:56');
INSERT INTO `DRIVER` (`DRIVER_ID`, `DRIVER_VERIFIED_FLAG`, `USER_ID`, `CREATE_DATE`, `UPDATE_DATE`) VALUES (90, 'y', 90, '2018-09-22 05:31:56', '2016-07-03 17:40:00');
INSERT INTO `DRIVER` (`DRIVER_ID`, `DRIVER_VERIFIED_FLAG`, `USER_ID`, `CREATE_DATE`, `UPDATE_DATE`) VALUES (91, 'y', 91, '2019-01-02 09:01:47', '2019-05-23 23:55:37');
INSERT INTO `DRIVER` (`DRIVER_ID`, `DRIVER_VERIFIED_FLAG`, `USER_ID`, `CREATE_DATE`, `UPDATE_DATE`) VALUES (92, 'y', 92, '2018-01-03 05:07:31', '2019-01-02 01:42:00');
INSERT INTO `DRIVER` (`DRIVER_ID`, `DRIVER_VERIFIED_FLAG`, `USER_ID`, `CREATE_DATE`, `UPDATE_DATE`) VALUES (93, 'n', 93, '2018-03-12 01:20:38', '2017-09-13 10:12:44');
INSERT INTO `DRIVER` (`DRIVER_ID`, `DRIVER_VERIFIED_FLAG`, `USER_ID`, `CREATE_DATE`, `UPDATE_DATE`) VALUES (94, 'y', 94, '2019-06-02 19:09:32', '2017-10-01 23:28:18');
INSERT INTO `DRIVER` (`DRIVER_ID`, `DRIVER_VERIFIED_FLAG`, `USER_ID`, `CREATE_DATE`, `UPDATE_DATE`) VALUES (95, 'n', 95, '2017-12-16 04:56:22', '2017-09-20 18:39:14');
INSERT INTO `DRIVER` (`DRIVER_ID`, `DRIVER_VERIFIED_FLAG`, `USER_ID`, `CREATE_DATE`, `UPDATE_DATE`) VALUES (96, 'n', 96, '2018-03-08 15:45:56', '2019-01-21 00:08:46');
INSERT INTO `DRIVER` (`DRIVER_ID`, `DRIVER_VERIFIED_FLAG`, `USER_ID`, `CREATE_DATE`, `UPDATE_DATE`) VALUES (97, 'y', 97, '2017-02-12 03:21:40', '2016-11-10 08:29:12');
INSERT INTO `DRIVER` (`DRIVER_ID`, `DRIVER_VERIFIED_FLAG`, `USER_ID`, `CREATE_DATE`, `UPDATE_DATE`) VALUES (98, 'n', 98, '2017-12-25 18:26:51', '2016-09-23 17:35:17');
INSERT INTO `DRIVER` (`DRIVER_ID`, `DRIVER_VERIFIED_FLAG`, `USER_ID`, `CREATE_DATE`, `UPDATE_DATE`) VALUES (99, 'n', 99, '2017-11-17 22:41:46', '2018-05-18 01:17:36');
INSERT INTO `DRIVER` (`DRIVER_ID`, `DRIVER_VERIFIED_FLAG`, `USER_ID`, `CREATE_DATE`, `UPDATE_DATE`) VALUES (100, 'n', 100, '2018-07-03 11:41:05', '2019-03-22 10:20:15');



INSERT INTO `LOCATION` (`LOCATION_ID`, `DRIVER_VERIFIED_FLAG`, `LATITUDE`, `LONGITUDE`, `ICON`, `CREATE_DATE`, `UPDATE_DATE`) VALUES (1, 'n', '6.757013', '-82.768097', '/e2e8ba6e760001b4e824f6a2855277ac.jpg', '2019-04-23 13:45:21', '2019-01-11 08:49:15');
INSERT INTO `LOCATION` (`LOCATION_ID`, `DRIVER_VERIFIED_FLAG`, `LATITUDE`, `LONGITUDE`, `ICON`, `CREATE_DATE`, `UPDATE_DATE`) VALUES (2, 'n', '46.913319', '117.851397', '/d552fb08438c481f6f3d5f4836779f06.jpg', '2017-02-19 17:57:43', '2019-05-13 23:38:25');
INSERT INTO `LOCATION` (`LOCATION_ID`, `DRIVER_VERIFIED_FLAG`, `LATITUDE`, `LONGITUDE`, `ICON`, `CREATE_DATE`, `UPDATE_DATE`) VALUES (3, 'y', '-3.754892', '20.07406', '/332e238c5da9876049ee392af049f248.jpg', '2016-08-09 22:45:45', '2019-06-02 23:26:13');
INSERT INTO `LOCATION` (`LOCATION_ID`, `DRIVER_VERIFIED_FLAG`, `LATITUDE`, `LONGITUDE`, `ICON`, `CREATE_DATE`, `UPDATE_DATE`) VALUES (4, 'y', '-24.131387', '161.188828', '/f2d19fdb7c0c8e3ef24e31ec3ec70d08.jpg', '2017-03-12 23:59:19', '2018-05-05 12:09:04');
INSERT INTO `LOCATION` (`LOCATION_ID`, `DRIVER_VERIFIED_FLAG`, `LATITUDE`, `LONGITUDE`, `ICON`, `CREATE_DATE`, `UPDATE_DATE`) VALUES (5, 'n', '23.844397', '27.834355', '/9f3a496308857998040819e3443c498b.jpg', '2017-05-04 07:57:54', '2017-03-11 21:34:13');
INSERT INTO `LOCATION` (`LOCATION_ID`, `DRIVER_VERIFIED_FLAG`, `LATITUDE`, `LONGITUDE`, `ICON`, `CREATE_DATE`, `UPDATE_DATE`) VALUES (6, 'y', '75.037396', '128.904503', '/7ebdd912b9c7df870a1a1fc9706c2805.jpg', '2018-01-06 19:20:32', '2017-08-31 16:46:38');
INSERT INTO `LOCATION` (`LOCATION_ID`, `DRIVER_VERIFIED_FLAG`, `LATITUDE`, `LONGITUDE`, `ICON`, `CREATE_DATE`, `UPDATE_DATE`) VALUES (7, 'y', '44.437138', '149.818345', '/ec28996c3b82d54ad5e64912e021b5da.jpg', '2017-03-27 09:00:29', '2017-01-31 01:17:52');
INSERT INTO `LOCATION` (`LOCATION_ID`, `DRIVER_VERIFIED_FLAG`, `LATITUDE`, `LONGITUDE`, `ICON`, `CREATE_DATE`, `UPDATE_DATE`) VALUES (8, 'y', '59.531775', '54.098805', '/c7df8500dc975aeedb4522a0fdbdd096.jpg', '2016-09-04 07:40:00', '2016-06-20 01:45:30');
INSERT INTO `LOCATION` (`LOCATION_ID`, `DRIVER_VERIFIED_FLAG`, `LATITUDE`, `LONGITUDE`, `ICON`, `CREATE_DATE`, `UPDATE_DATE`) VALUES (9, 'n', '57.878292', '-31.969815', '/1f0e5f5c1b7bebc1586fac4138dd7efb.jpg', '2018-04-09 23:24:59', '2019-05-11 00:22:40');
INSERT INTO `LOCATION` (`LOCATION_ID`, `DRIVER_VERIFIED_FLAG`, `LATITUDE`, `LONGITUDE`, `ICON`, `CREATE_DATE`, `UPDATE_DATE`) VALUES (10, 'y', '-42.545725', '-77.559364', '/bb2451602fe54840f513af4f3310c338.jpg', '2017-12-18 01:52:49', '2018-07-26 13:12:39');
INSERT INTO `LOCATION` (`LOCATION_ID`, `DRIVER_VERIFIED_FLAG`, `LATITUDE`, `LONGITUDE`, `ICON`, `CREATE_DATE`, `UPDATE_DATE`) VALUES (11, 'y', '18.421484', '-6.74447', '/d5ff3a9c231536d943709d7b44ad0c1f.jpg', '2017-04-27 19:50:52', '2018-03-11 03:00:09');
INSERT INTO `LOCATION` (`LOCATION_ID`, `DRIVER_VERIFIED_FLAG`, `LATITUDE`, `LONGITUDE`, `ICON`, `CREATE_DATE`, `UPDATE_DATE`) VALUES (12, 'n', '-33.797329', '5.369375', '/6a837cc10f7d81b86169eead37644c55.jpg', '2017-12-30 16:56:17', '2019-01-26 04:17:41');
INSERT INTO `LOCATION` (`LOCATION_ID`, `DRIVER_VERIFIED_FLAG`, `LATITUDE`, `LONGITUDE`, `ICON`, `CREATE_DATE`, `UPDATE_DATE`) VALUES (13, 'y', '-13.030793', '31.843724', '/4a4d89e85ddac5799b32c11fb1ef2835.jpg', '2017-05-22 16:02:11', '2019-05-27 02:09:58');
INSERT INTO `LOCATION` (`LOCATION_ID`, `DRIVER_VERIFIED_FLAG`, `LATITUDE`, `LONGITUDE`, `ICON`, `CREATE_DATE`, `UPDATE_DATE`) VALUES (14, 'n', '83.197577', '63.513939', '/d03006df184268b06e3566f19a7142a8.jpg', '2016-12-17 22:43:33', '2018-10-18 00:47:07');
INSERT INTO `LOCATION` (`LOCATION_ID`, `DRIVER_VERIFIED_FLAG`, `LATITUDE`, `LONGITUDE`, `ICON`, `CREATE_DATE`, `UPDATE_DATE`) VALUES (15, 'n', '-37.63669', '-30.116675', '/ec7609bf2b08f412390b129159c8d529.jpg', '2018-12-15 04:38:00', '2019-02-19 04:47:10');
INSERT INTO `LOCATION` (`LOCATION_ID`, `DRIVER_VERIFIED_FLAG`, `LATITUDE`, `LONGITUDE`, `ICON`, `CREATE_DATE`, `UPDATE_DATE`) VALUES (16, 'n', '86.899856', '28.636758', '/b7a45cd5a554f8a804c17919097e1f16.jpg', '2017-05-13 16:50:12', '2017-09-27 06:16:39');
INSERT INTO `LOCATION` (`LOCATION_ID`, `DRIVER_VERIFIED_FLAG`, `LATITUDE`, `LONGITUDE`, `ICON`, `CREATE_DATE`, `UPDATE_DATE`) VALUES (17, 'n', '-43.787675', '-56.262526', '/e761fe1c9cb197c2e35d9f6b9f54abfb.jpg', '2017-12-13 04:07:37', '2016-12-27 15:00:13');
INSERT INTO `LOCATION` (`LOCATION_ID`, `DRIVER_VERIFIED_FLAG`, `LATITUDE`, `LONGITUDE`, `ICON`, `CREATE_DATE`, `UPDATE_DATE`) VALUES (18, 'n', '29.157951', '-67.565974', '/c5b39d93364ba28cdd6a6c8f5582803e.jpg', '2018-11-24 01:18:34', '2018-04-28 07:57:44');
INSERT INTO `LOCATION` (`LOCATION_ID`, `DRIVER_VERIFIED_FLAG`, `LATITUDE`, `LONGITUDE`, `ICON`, `CREATE_DATE`, `UPDATE_DATE`) VALUES (19, 'y', '8.606087', '-31.245266', '/b9327bffaad5100e91fd51daafd79f9f.jpg', '2017-03-31 15:12:34', '2018-08-26 17:42:54');
INSERT INTO `LOCATION` (`LOCATION_ID`, `DRIVER_VERIFIED_FLAG`, `LATITUDE`, `LONGITUDE`, `ICON`, `CREATE_DATE`, `UPDATE_DATE`) VALUES (20, 'n', '-86.733486', '146.07661', '/0e0ec689f377b2a4c43ae59eb701d45b.jpg', '2018-08-17 18:19:28', '2017-05-21 03:06:40');
INSERT INTO `LOCATION` (`LOCATION_ID`, `DRIVER_VERIFIED_FLAG`, `LATITUDE`, `LONGITUDE`, `ICON`, `CREATE_DATE`, `UPDATE_DATE`) VALUES (21, 'y', '-22.503261', '-148.720782', '/e3811393ffc53158469613c7e275d737.jpg', '2019-02-15 14:45:36', '2017-02-28 11:54:05');
INSERT INTO `LOCATION` (`LOCATION_ID`, `DRIVER_VERIFIED_FLAG`, `LATITUDE`, `LONGITUDE`, `ICON`, `CREATE_DATE`, `UPDATE_DATE`) VALUES (22, 'y', '82.534614', '-118.661003', '/541e1e413773dfd07832f68143f8d252.jpg', '2017-05-08 10:28:58', '2017-07-08 10:47:41');
INSERT INTO `LOCATION` (`LOCATION_ID`, `DRIVER_VERIFIED_FLAG`, `LATITUDE`, `LONGITUDE`, `ICON`, `CREATE_DATE`, `UPDATE_DATE`) VALUES (23, 'n', '49.172054', '-60.885902', '/3743179e9ef282bfea40e3a1f585dc1d.jpg', '2018-07-26 02:32:05', '2018-03-27 03:09:06');
INSERT INTO `LOCATION` (`LOCATION_ID`, `DRIVER_VERIFIED_FLAG`, `LATITUDE`, `LONGITUDE`, `ICON`, `CREATE_DATE`, `UPDATE_DATE`) VALUES (24, 'y', '7.028453', '-1.784642', '/c5964ce190569d6dd9092feeba8cf7c2.jpg', '2019-01-05 07:44:57', '2016-09-26 04:08:26');
INSERT INTO `LOCATION` (`LOCATION_ID`, `DRIVER_VERIFIED_FLAG`, `LATITUDE`, `LONGITUDE`, `ICON`, `CREATE_DATE`, `UPDATE_DATE`) VALUES (25, 'n', '-71.090244', '16.286943', '/e904848c4499b88a9836df8e5a4ecd58.jpg', '2019-04-05 21:22:40', '2017-05-05 11:45:08');
INSERT INTO `LOCATION` (`LOCATION_ID`, `DRIVER_VERIFIED_FLAG`, `LATITUDE`, `LONGITUDE`, `ICON`, `CREATE_DATE`, `UPDATE_DATE`) VALUES (26, 'y', '8.602662', '110.470816', '/90bb2a781edb8078fba4f1973bf01570.jpg', '2018-12-24 22:35:06', '2018-03-16 21:38:37');
INSERT INTO `LOCATION` (`LOCATION_ID`, `DRIVER_VERIFIED_FLAG`, `LATITUDE`, `LONGITUDE`, `ICON`, `CREATE_DATE`, `UPDATE_DATE`) VALUES (27, 'n', '-77.314852', '-121.521407', '/3bb544f3cc93ed377f4b48fc0fd3c41b.jpg', '2018-09-27 11:38:58', '2017-06-19 07:37:29');
INSERT INTO `LOCATION` (`LOCATION_ID`, `DRIVER_VERIFIED_FLAG`, `LATITUDE`, `LONGITUDE`, `ICON`, `CREATE_DATE`, `UPDATE_DATE`) VALUES (28, 'y', '0.252912', '21.3515', '/33cea955a7468443c21c29e00dba6179.jpg', '2017-02-10 23:25:16', '2019-04-26 00:54:36');
INSERT INTO `LOCATION` (`LOCATION_ID`, `DRIVER_VERIFIED_FLAG`, `LATITUDE`, `LONGITUDE`, `ICON`, `CREATE_DATE`, `UPDATE_DATE`) VALUES (29, 'n', '20.942702', '94.787648', '/c68117dd65b84f94f25669420e90fc9e.jpg', '2019-05-08 22:49:16', '2017-08-27 04:47:40');
INSERT INTO `LOCATION` (`LOCATION_ID`, `DRIVER_VERIFIED_FLAG`, `LATITUDE`, `LONGITUDE`, `ICON`, `CREATE_DATE`, `UPDATE_DATE`) VALUES (30, 'n', '-34.957827', '59.559348', '/c49165196c3c726cfa2d334a50c63352.jpg', '2016-10-22 20:00:20', '2019-04-19 06:00:07');
INSERT INTO `LOCATION` (`LOCATION_ID`, `DRIVER_VERIFIED_FLAG`, `LATITUDE`, `LONGITUDE`, `ICON`, `CREATE_DATE`, `UPDATE_DATE`) VALUES (31, 'y', '57.73891', '27.419346', '/91a5a3b74dbed93804d3911cbcf14a3e.jpg', '2017-08-01 07:28:39', '2018-06-28 21:29:05');
INSERT INTO `LOCATION` (`LOCATION_ID`, `DRIVER_VERIFIED_FLAG`, `LATITUDE`, `LONGITUDE`, `ICON`, `CREATE_DATE`, `UPDATE_DATE`) VALUES (32, 'y', '63.95934', '-137.624509', '/f226f86a8a392b1c2b9c153a9e3830c0.jpg', '2018-04-07 06:05:07', '2018-03-17 14:21:11');
INSERT INTO `LOCATION` (`LOCATION_ID`, `DRIVER_VERIFIED_FLAG`, `LATITUDE`, `LONGITUDE`, `ICON`, `CREATE_DATE`, `UPDATE_DATE`) VALUES (33, 'n', '-26.531604', '-10.879262', '/150930839977375b29e74268d36567c9.jpg', '2016-12-29 03:01:08', '2018-01-16 11:20:42');
INSERT INTO `LOCATION` (`LOCATION_ID`, `DRIVER_VERIFIED_FLAG`, `LATITUDE`, `LONGITUDE`, `ICON`, `CREATE_DATE`, `UPDATE_DATE`) VALUES (34, 'n', '62.231945', '22.07044', '/fc0380e710671ae7c2f0d630c233039f.jpg', '2019-05-17 12:43:24', '2019-02-11 07:52:51');
INSERT INTO `LOCATION` (`LOCATION_ID`, `DRIVER_VERIFIED_FLAG`, `LATITUDE`, `LONGITUDE`, `ICON`, `CREATE_DATE`, `UPDATE_DATE`) VALUES (35, 'n', '-63.661014', '-89.462086', '/66acaa45518e66309a6fb8a952901b8c.jpg', '2016-11-02 18:19:01', '2016-12-01 08:46:15');
INSERT INTO `LOCATION` (`LOCATION_ID`, `DRIVER_VERIFIED_FLAG`, `LATITUDE`, `LONGITUDE`, `ICON`, `CREATE_DATE`, `UPDATE_DATE`) VALUES (36, 'n', '-58.101559', '-154.127252', '/617645de54093beea06674e4678a016c.jpg', '2018-06-13 15:36:59', '2018-06-01 17:32:41');
INSERT INTO `LOCATION` (`LOCATION_ID`, `DRIVER_VERIFIED_FLAG`, `LATITUDE`, `LONGITUDE`, `ICON`, `CREATE_DATE`, `UPDATE_DATE`) VALUES (37, 'n', '-7.492397', '29.85429', '/e54224f21d7883d7d7fb2811e571da7b.jpg', '2019-01-01 09:09:51', '2019-01-28 21:24:25');
INSERT INTO `LOCATION` (`LOCATION_ID`, `DRIVER_VERIFIED_FLAG`, `LATITUDE`, `LONGITUDE`, `ICON`, `CREATE_DATE`, `UPDATE_DATE`) VALUES (38, 'n', '35.256402', '-37.523711', '/b0f8f4c7fab1a977da7a24224bfce713.jpg', '2019-04-12 07:07:43', '2017-10-18 21:19:36');
INSERT INTO `LOCATION` (`LOCATION_ID`, `DRIVER_VERIFIED_FLAG`, `LATITUDE`, `LONGITUDE`, `ICON`, `CREATE_DATE`, `UPDATE_DATE`) VALUES (39, 'n', '-55.986667', '161.574949', '/60ccc97333b87279cb8c691125790c15.jpg', '2018-07-10 20:51:06', '2016-08-18 12:35:53');
INSERT INTO `LOCATION` (`LOCATION_ID`, `DRIVER_VERIFIED_FLAG`, `LATITUDE`, `LONGITUDE`, `ICON`, `CREATE_DATE`, `UPDATE_DATE`) VALUES (40, 'y', '77.841165', '-64.37683', '/26caa4447ca372a4f9ce83f11696355e.jpg', '2018-03-29 01:41:15', '2017-10-16 10:18:25');
INSERT INTO `LOCATION` (`LOCATION_ID`, `DRIVER_VERIFIED_FLAG`, `LATITUDE`, `LONGITUDE`, `ICON`, `CREATE_DATE`, `UPDATE_DATE`) VALUES (41, 'y', '-56.234519', '94.611166', '/388af11e83e4363121fcf801e4d0ac7c.jpg', '2019-04-02 03:49:57', '2016-09-16 01:43:49');
INSERT INTO `LOCATION` (`LOCATION_ID`, `DRIVER_VERIFIED_FLAG`, `LATITUDE`, `LONGITUDE`, `ICON`, `CREATE_DATE`, `UPDATE_DATE`) VALUES (42, 'y', '-17.250588', '-174.507584', '/c00b1d16dc06dda4ddf37d400a337e0e.jpg', '2017-09-09 03:32:50', '2017-12-06 15:16:16');
INSERT INTO `LOCATION` (`LOCATION_ID`, `DRIVER_VERIFIED_FLAG`, `LATITUDE`, `LONGITUDE`, `ICON`, `CREATE_DATE`, `UPDATE_DATE`) VALUES (43, 'n', '-39.610707', '-176.192353', '/54be767c7474fbdc6421247a081b8d43.jpg', '2018-10-23 13:15:39', '2016-09-02 21:55:17');
INSERT INTO `LOCATION` (`LOCATION_ID`, `DRIVER_VERIFIED_FLAG`, `LATITUDE`, `LONGITUDE`, `ICON`, `CREATE_DATE`, `UPDATE_DATE`) VALUES (44, 'y', '11.345707', '123.110251', '/ebbbdec5b10f9c8b4230df6a5e012695.jpg', '2016-06-10 04:26:59', '2017-06-21 15:14:21');
INSERT INTO `LOCATION` (`LOCATION_ID`, `DRIVER_VERIFIED_FLAG`, `LATITUDE`, `LONGITUDE`, `ICON`, `CREATE_DATE`, `UPDATE_DATE`) VALUES (45, 'n', '-5.036235', '-121.296829', '/bc6d824824a9689912da5b28ccb10db4.jpg', '2019-03-18 11:25:41', '2016-12-10 09:04:48');
INSERT INTO `LOCATION` (`LOCATION_ID`, `DRIVER_VERIFIED_FLAG`, `LATITUDE`, `LONGITUDE`, `ICON`, `CREATE_DATE`, `UPDATE_DATE`) VALUES (46, 'n', '-7.660961', '-97.001208', '/20d85633f6e4850be622f80d38804f3a.jpg', '2018-09-21 21:56:36', '2018-11-28 08:42:48');
INSERT INTO `LOCATION` (`LOCATION_ID`, `DRIVER_VERIFIED_FLAG`, `LATITUDE`, `LONGITUDE`, `ICON`, `CREATE_DATE`, `UPDATE_DATE`) VALUES (47, 'n', '-59.223062', '102.829234', '/d1612eedf9195a081cb599321b65f8aa.jpg', '2018-05-20 00:06:04', '2019-02-20 13:19:57');
INSERT INTO `LOCATION` (`LOCATION_ID`, `DRIVER_VERIFIED_FLAG`, `LATITUDE`, `LONGITUDE`, `ICON`, `CREATE_DATE`, `UPDATE_DATE`) VALUES (48, 'y', '5.80989', '-28.594425', '/fcbd56187a82adee6b21bb2590c0e858.jpg', '2017-09-22 10:06:45', '2016-06-25 14:11:35');
INSERT INTO `LOCATION` (`LOCATION_ID`, `DRIVER_VERIFIED_FLAG`, `LATITUDE`, `LONGITUDE`, `ICON`, `CREATE_DATE`, `UPDATE_DATE`) VALUES (49, 'y', '-17.507747', '-30.968889', '/96be79fdb1581537124013186154dd55.jpg', '2018-11-09 07:10:18', '2018-07-14 18:34:08');
INSERT INTO `LOCATION` (`LOCATION_ID`, `DRIVER_VERIFIED_FLAG`, `LATITUDE`, `LONGITUDE`, `ICON`, `CREATE_DATE`, `UPDATE_DATE`) VALUES (50, 'n', '51.313577', '17.187118', '/98ce4801823fcf1fc3343cad37fd3fd9.jpg', '2018-04-29 03:35:28', '2018-06-18 21:42:53');
INSERT INTO `LOCATION` (`LOCATION_ID`, `DRIVER_VERIFIED_FLAG`, `LATITUDE`, `LONGITUDE`, `ICON`, `CREATE_DATE`, `UPDATE_DATE`) VALUES (51, 'n', '-82.193992', '-27.705883', '/83a0653d8840c0582bc1165039d66617.jpg', '2017-06-13 13:54:58', '2017-02-02 02:23:21');
INSERT INTO `LOCATION` (`LOCATION_ID`, `DRIVER_VERIFIED_FLAG`, `LATITUDE`, `LONGITUDE`, `ICON`, `CREATE_DATE`, `UPDATE_DATE`) VALUES (52, 'y', '65.720013', '-40.839976', '/558debc1cac6595acd7de6d81067528b.jpg', '2018-04-02 14:21:51', '2018-04-05 21:19:46');
INSERT INTO `LOCATION` (`LOCATION_ID`, `DRIVER_VERIFIED_FLAG`, `LATITUDE`, `LONGITUDE`, `ICON`, `CREATE_DATE`, `UPDATE_DATE`) VALUES (53, 'y', '21.816706', '-125.797738', '/b2c9ce5b4f8f1f62ac03e494e679b85e.jpg', '2018-02-22 18:55:16', '2018-04-24 18:40:57');
INSERT INTO `LOCATION` (`LOCATION_ID`, `DRIVER_VERIFIED_FLAG`, `LATITUDE`, `LONGITUDE`, `ICON`, `CREATE_DATE`, `UPDATE_DATE`) VALUES (54, 'n', '-37.342868', '134.137472', '/d1f982226c442eef09b9b857e12b4932.jpg', '2016-11-20 22:11:39', '2018-02-03 19:50:36');
INSERT INTO `LOCATION` (`LOCATION_ID`, `DRIVER_VERIFIED_FLAG`, `LATITUDE`, `LONGITUDE`, `ICON`, `CREATE_DATE`, `UPDATE_DATE`) VALUES (55, 'n', '37.799068', '169.319635', '/4b9f33ef7deb7b1ef184972846ee8a44.jpg', '2017-05-26 17:57:52', '2016-11-21 01:19:20');
INSERT INTO `LOCATION` (`LOCATION_ID`, `DRIVER_VERIFIED_FLAG`, `LATITUDE`, `LONGITUDE`, `ICON`, `CREATE_DATE`, `UPDATE_DATE`) VALUES (56, 'y', '-45.722364', '-30.923338', '/94aae74a9b895307cd242eca1622c3c1.jpg', '2016-07-08 15:25:55', '2018-10-27 21:41:21');
INSERT INTO `LOCATION` (`LOCATION_ID`, `DRIVER_VERIFIED_FLAG`, `LATITUDE`, `LONGITUDE`, `ICON`, `CREATE_DATE`, `UPDATE_DATE`) VALUES (57, 'y', '4.119622', '-47.332556', '/f10b095a4159a79df9407ae0fe68e530.jpg', '2018-02-11 08:20:07', '2017-09-06 03:22:46');
INSERT INTO `LOCATION` (`LOCATION_ID`, `DRIVER_VERIFIED_FLAG`, `LATITUDE`, `LONGITUDE`, `ICON`, `CREATE_DATE`, `UPDATE_DATE`) VALUES (58, 'y', '-8.433404', '-49.895651', '/bf239fdebfbb28c59b8df657f35b8990.jpg', '2018-05-03 09:08:29', '2017-12-20 23:01:00');
INSERT INTO `LOCATION` (`LOCATION_ID`, `DRIVER_VERIFIED_FLAG`, `LATITUDE`, `LONGITUDE`, `ICON`, `CREATE_DATE`, `UPDATE_DATE`) VALUES (59, 'y', '45.208133', '-12.073207', '/8befe9200145196ea97d006e5ea248c7.jpg', '2016-09-19 14:08:08', '2018-03-07 10:51:36');
INSERT INTO `LOCATION` (`LOCATION_ID`, `DRIVER_VERIFIED_FLAG`, `LATITUDE`, `LONGITUDE`, `ICON`, `CREATE_DATE`, `UPDATE_DATE`) VALUES (60, 'y', '-40.373684', '134.180671', '/8c8f9805f9f0c238ccf3c28e9c857184.jpg', '2017-01-31 16:26:59', '2016-06-16 17:05:35');
INSERT INTO `LOCATION` (`LOCATION_ID`, `DRIVER_VERIFIED_FLAG`, `LATITUDE`, `LONGITUDE`, `ICON`, `CREATE_DATE`, `UPDATE_DATE`) VALUES (61, 'y', '-26.415163', '80.849913', '/2b6c22a4876689ea79d4388dbcec1885.jpg', '2017-06-15 21:03:57', '2016-11-29 15:58:24');
INSERT INTO `LOCATION` (`LOCATION_ID`, `DRIVER_VERIFIED_FLAG`, `LATITUDE`, `LONGITUDE`, `ICON`, `CREATE_DATE`, `UPDATE_DATE`) VALUES (62, 'y', '71.808224', '-78.357673', '/fe8d6b7560fb9dc41c12f03d108a909d.jpg', '2017-05-02 02:30:19', '2018-08-01 23:20:16');
INSERT INTO `LOCATION` (`LOCATION_ID`, `DRIVER_VERIFIED_FLAG`, `LATITUDE`, `LONGITUDE`, `ICON`, `CREATE_DATE`, `UPDATE_DATE`) VALUES (63, 'n', '14.905789', '27.626089', '/286ccba92475dbcdedf05b055067676a.jpg', '2018-02-11 17:45:21', '2019-03-17 05:36:06');
INSERT INTO `LOCATION` (`LOCATION_ID`, `DRIVER_VERIFIED_FLAG`, `LATITUDE`, `LONGITUDE`, `ICON`, `CREATE_DATE`, `UPDATE_DATE`) VALUES (64, 'n', '29.453138', '76.305661', '/7c66045ae7ed3445e96f786209b7291d.jpg', '2018-12-09 16:11:53', '2019-06-08 07:28:53');
INSERT INTO `LOCATION` (`LOCATION_ID`, `DRIVER_VERIFIED_FLAG`, `LATITUDE`, `LONGITUDE`, `ICON`, `CREATE_DATE`, `UPDATE_DATE`) VALUES (65, 'y', '43.017487', '-178.397365', '/3ddbc7cd58ab4afdbb0f1269434f211b.jpg', '2018-03-27 05:40:42', '2019-02-22 02:40:23');
INSERT INTO `LOCATION` (`LOCATION_ID`, `DRIVER_VERIFIED_FLAG`, `LATITUDE`, `LONGITUDE`, `ICON`, `CREATE_DATE`, `UPDATE_DATE`) VALUES (66, 'n', '-67.546499', '-32.845617', '/0457c313d6939165fa3ab725fd102118.jpg', '2018-06-23 05:07:42', '2017-05-13 01:54:19');
INSERT INTO `LOCATION` (`LOCATION_ID`, `DRIVER_VERIFIED_FLAG`, `LATITUDE`, `LONGITUDE`, `ICON`, `CREATE_DATE`, `UPDATE_DATE`) VALUES (67, 'y', '41.093669', '-168.024602', '/2b1a9da24bbc7d503f72ee9769d00a0f.jpg', '2019-01-16 22:58:55', '2018-10-12 12:26:04');
INSERT INTO `LOCATION` (`LOCATION_ID`, `DRIVER_VERIFIED_FLAG`, `LATITUDE`, `LONGITUDE`, `ICON`, `CREATE_DATE`, `UPDATE_DATE`) VALUES (68, 'n', '50.639327', '-145.31526', '/9fe4e7f6d0054b3bb49f1090b64d4dea.jpg', '2017-04-06 00:09:03', '2018-10-07 18:12:23');
INSERT INTO `LOCATION` (`LOCATION_ID`, `DRIVER_VERIFIED_FLAG`, `LATITUDE`, `LONGITUDE`, `ICON`, `CREATE_DATE`, `UPDATE_DATE`) VALUES (69, 'n', '-21.268516', '-147.83613', '/3f768f309c46c0cdeab3cc88ef33ea3e.jpg', '2017-09-07 15:53:03', '2018-02-13 02:02:12');
INSERT INTO `LOCATION` (`LOCATION_ID`, `DRIVER_VERIFIED_FLAG`, `LATITUDE`, `LONGITUDE`, `ICON`, `CREATE_DATE`, `UPDATE_DATE`) VALUES (70, 'n', '27.114835', '11.617858', '/bcc2b532b3898630717724ff182ea3f5.jpg', '2018-07-11 02:53:36', '2018-11-25 10:05:25');
INSERT INTO `LOCATION` (`LOCATION_ID`, `DRIVER_VERIFIED_FLAG`, `LATITUDE`, `LONGITUDE`, `ICON`, `CREATE_DATE`, `UPDATE_DATE`) VALUES (71, 'y', '-30.441733', '168.14935', '/3607225a25feb3d19009a44e04d5bb07.jpg', '2017-07-21 04:14:54', '2016-08-23 07:44:41');
INSERT INTO `LOCATION` (`LOCATION_ID`, `DRIVER_VERIFIED_FLAG`, `LATITUDE`, `LONGITUDE`, `ICON`, `CREATE_DATE`, `UPDATE_DATE`) VALUES (72, 'n', '-54.78635', '20.828584', '/029fde69a644d30ed69ef093925ca386.jpg', '2018-06-28 07:36:46', '2018-04-25 03:23:48');
INSERT INTO `LOCATION` (`LOCATION_ID`, `DRIVER_VERIFIED_FLAG`, `LATITUDE`, `LONGITUDE`, `ICON`, `CREATE_DATE`, `UPDATE_DATE`) VALUES (73, 'y', '18.814529', '-113.044266', '/6fb52bdd8cd683f0c8a4bbd5d662ae14.jpg', '2016-11-12 08:09:37', '2017-11-22 02:09:07');
INSERT INTO `LOCATION` (`LOCATION_ID`, `DRIVER_VERIFIED_FLAG`, `LATITUDE`, `LONGITUDE`, `ICON`, `CREATE_DATE`, `UPDATE_DATE`) VALUES (74, 'n', '-21.317377', '24.718024', '/5f8591fcd7a6fdb1a210b44f6dfa2b84.jpg', '2017-04-04 08:30:41', '2018-08-22 07:45:15');
INSERT INTO `LOCATION` (`LOCATION_ID`, `DRIVER_VERIFIED_FLAG`, `LATITUDE`, `LONGITUDE`, `ICON`, `CREATE_DATE`, `UPDATE_DATE`) VALUES (75, 'n', '-53.376053', '-11.893536', '/64938c4356d85a8a3ce32eb93c79e403.jpg', '2017-11-03 19:03:31', '2018-11-21 11:26:24');
INSERT INTO `LOCATION` (`LOCATION_ID`, `DRIVER_VERIFIED_FLAG`, `LATITUDE`, `LONGITUDE`, `ICON`, `CREATE_DATE`, `UPDATE_DATE`) VALUES (76, 'y', '-71.86017', '-9.762313', '/1c87aeeef14263217af8383aa89d92d6.jpg', '2018-07-21 03:02:10', '2017-07-10 02:16:22');
INSERT INTO `LOCATION` (`LOCATION_ID`, `DRIVER_VERIFIED_FLAG`, `LATITUDE`, `LONGITUDE`, `ICON`, `CREATE_DATE`, `UPDATE_DATE`) VALUES (77, 'n', '21.117644', '-27.103114', '/8d09af86a99392e32988bbafc15d663b.jpg', '2017-03-08 06:22:25', '2016-07-19 07:45:01');
INSERT INTO `LOCATION` (`LOCATION_ID`, `DRIVER_VERIFIED_FLAG`, `LATITUDE`, `LONGITUDE`, `ICON`, `CREATE_DATE`, `UPDATE_DATE`) VALUES (78, 'n', '-86.844262', '100.373746', '/a444ab09c5feca1b70fcda64ced07ed4.jpg', '2018-11-22 13:13:28', '2018-05-26 01:16:59');
INSERT INTO `LOCATION` (`LOCATION_ID`, `DRIVER_VERIFIED_FLAG`, `LATITUDE`, `LONGITUDE`, `ICON`, `CREATE_DATE`, `UPDATE_DATE`) VALUES (79, 'y', '41.314938', '118.200206', '/c4b2de87088723332f9786b46a849782.jpg', '2018-09-27 16:24:12', '2018-09-19 21:26:14');
INSERT INTO `LOCATION` (`LOCATION_ID`, `DRIVER_VERIFIED_FLAG`, `LATITUDE`, `LONGITUDE`, `ICON`, `CREATE_DATE`, `UPDATE_DATE`) VALUES (80, 'y', '-60.059312', '171.566473', '/7e5010fff39bbe2301bd5d084e549460.jpg', '2017-04-04 01:22:18', '2018-07-28 00:37:19');
INSERT INTO `LOCATION` (`LOCATION_ID`, `DRIVER_VERIFIED_FLAG`, `LATITUDE`, `LONGITUDE`, `ICON`, `CREATE_DATE`, `UPDATE_DATE`) VALUES (81, 'n', '34.939085', '177.989225', '/b0441eabeca7b3c7e3fd980ba5747cba.jpg', '2018-10-11 23:14:06', '2017-04-14 23:39:56');
INSERT INTO `LOCATION` (`LOCATION_ID`, `DRIVER_VERIFIED_FLAG`, `LATITUDE`, `LONGITUDE`, `ICON`, `CREATE_DATE`, `UPDATE_DATE`) VALUES (82, 'y', '47.331343', '-33.56532', '/87b48a27cf4db2cf5f9f8b746d96d9ee.jpg', '2016-07-07 17:01:43', '2018-03-04 13:06:14');
INSERT INTO `LOCATION` (`LOCATION_ID`, `DRIVER_VERIFIED_FLAG`, `LATITUDE`, `LONGITUDE`, `ICON`, `CREATE_DATE`, `UPDATE_DATE`) VALUES (83, 'n', '-35.456902', '106.824732', '/f062c2788d68a35892c34aa28c6ce00d.jpg', '2019-02-19 18:38:13', '2016-09-01 21:42:08');
INSERT INTO `LOCATION` (`LOCATION_ID`, `DRIVER_VERIFIED_FLAG`, `LATITUDE`, `LONGITUDE`, `ICON`, `CREATE_DATE`, `UPDATE_DATE`) VALUES (84, 'n', '-39.317951', '69.381476', '/50460017b569220ebf528d2fb3587288.jpg', '2019-05-02 13:48:05', '2017-12-07 05:06:14');
INSERT INTO `LOCATION` (`LOCATION_ID`, `DRIVER_VERIFIED_FLAG`, `LATITUDE`, `LONGITUDE`, `ICON`, `CREATE_DATE`, `UPDATE_DATE`) VALUES (85, 'n', '-58.791409', '-172.981309', '/bedbf37fd4715d5c862cbf1a05d07121.jpg', '2017-01-26 21:02:41', '2018-12-24 03:43:02');
INSERT INTO `LOCATION` (`LOCATION_ID`, `DRIVER_VERIFIED_FLAG`, `LATITUDE`, `LONGITUDE`, `ICON`, `CREATE_DATE`, `UPDATE_DATE`) VALUES (86, 'y', '-55.448597', '-54.63544', '/fa007c9026693d380b7dd0777641689b.jpg', '2019-06-08 19:07:39', '2017-04-27 08:31:24');
INSERT INTO `LOCATION` (`LOCATION_ID`, `DRIVER_VERIFIED_FLAG`, `LATITUDE`, `LONGITUDE`, `ICON`, `CREATE_DATE`, `UPDATE_DATE`) VALUES (87, 'n', '40.175958', '87.504034', '/684f50f5986b64171c601172a5f55dfa.jpg', '2018-04-26 11:00:46', '2016-12-24 13:10:59');
INSERT INTO `LOCATION` (`LOCATION_ID`, `DRIVER_VERIFIED_FLAG`, `LATITUDE`, `LONGITUDE`, `ICON`, `CREATE_DATE`, `UPDATE_DATE`) VALUES (88, 'n', '50.866869', '120.385271', '/cc33b8142596daac80f990749307402a.jpg', '2018-04-18 10:25:00', '2018-08-20 09:41:48');
INSERT INTO `LOCATION` (`LOCATION_ID`, `DRIVER_VERIFIED_FLAG`, `LATITUDE`, `LONGITUDE`, `ICON`, `CREATE_DATE`, `UPDATE_DATE`) VALUES (89, 'y', '5.940252', '-176.15043', '/92ec99661b7d45d1b5565d6b773d0ea1.jpg', '2017-05-14 11:10:59', '2017-07-17 16:16:11');
INSERT INTO `LOCATION` (`LOCATION_ID`, `DRIVER_VERIFIED_FLAG`, `LATITUDE`, `LONGITUDE`, `ICON`, `CREATE_DATE`, `UPDATE_DATE`) VALUES (90, 'y', '16.221451', '-26.729146', '/b741997c3cbacddf016188c04c77cf21.jpg', '2017-10-26 23:14:40', '2019-05-03 07:34:53');
INSERT INTO `LOCATION` (`LOCATION_ID`, `DRIVER_VERIFIED_FLAG`, `LATITUDE`, `LONGITUDE`, `ICON`, `CREATE_DATE`, `UPDATE_DATE`) VALUES (91, 'y', '69.841336', '148.264008', '/bc11d867f97d4b52f17683f9aa0d3ebc.jpg', '2018-12-14 00:02:13', '2019-04-19 05:50:34');
INSERT INTO `LOCATION` (`LOCATION_ID`, `DRIVER_VERIFIED_FLAG`, `LATITUDE`, `LONGITUDE`, `ICON`, `CREATE_DATE`, `UPDATE_DATE`) VALUES (92, 'y', '-21.039591', '-24.173505', '/e810e8f0224d48e4f36fb2d5a0b86f1b.jpg', '2016-07-07 02:29:37', '2019-02-13 16:48:42');
INSERT INTO `LOCATION` (`LOCATION_ID`, `DRIVER_VERIFIED_FLAG`, `LATITUDE`, `LONGITUDE`, `ICON`, `CREATE_DATE`, `UPDATE_DATE`) VALUES (93, 'n', '6.440876', '16.792833', '/f83b7b4c55b23a1045e119dca4c9ebb0.jpg', '2018-11-28 02:43:40', '2017-03-12 12:59:54');
INSERT INTO `LOCATION` (`LOCATION_ID`, `DRIVER_VERIFIED_FLAG`, `LATITUDE`, `LONGITUDE`, `ICON`, `CREATE_DATE`, `UPDATE_DATE`) VALUES (94, 'y', '-64.183869', '-85.217284', '/3bf1550089a9811aed5d0344025ea2d0.jpg', '2017-07-13 00:19:35', '2018-03-14 18:47:44');
INSERT INTO `LOCATION` (`LOCATION_ID`, `DRIVER_VERIFIED_FLAG`, `LATITUDE`, `LONGITUDE`, `ICON`, `CREATE_DATE`, `UPDATE_DATE`) VALUES (95, 'n', '54.285539', '-5.898405', '/82bb78ebcc27a9f55df6f7624f646cbe.jpg', '2018-11-27 13:26:17', '2016-09-01 07:34:14');
INSERT INTO `LOCATION` (`LOCATION_ID`, `DRIVER_VERIFIED_FLAG`, `LATITUDE`, `LONGITUDE`, `ICON`, `CREATE_DATE`, `UPDATE_DATE`) VALUES (96, 'y', '-50.584008', '25.980899', '/bfbfd03d633397d363710d0b8727bdca.jpg', '2017-12-10 01:10:01', '2016-10-04 09:27:00');
INSERT INTO `LOCATION` (`LOCATION_ID`, `DRIVER_VERIFIED_FLAG`, `LATITUDE`, `LONGITUDE`, `ICON`, `CREATE_DATE`, `UPDATE_DATE`) VALUES (97, 'n', '-64.062459', '125.853254', '/34a1762270e7d55307dd06179d68ec21.jpg', '2017-08-06 10:09:09', '2018-09-17 06:33:52');
INSERT INTO `LOCATION` (`LOCATION_ID`, `DRIVER_VERIFIED_FLAG`, `LATITUDE`, `LONGITUDE`, `ICON`, `CREATE_DATE`, `UPDATE_DATE`) VALUES (98, 'y', '-3.177923', '-45.924681', '/68b7c4dd25ed64624e966885c715040c.jpg', '2017-10-26 11:26:23', '2018-07-31 18:47:45');
INSERT INTO `LOCATION` (`LOCATION_ID`, `DRIVER_VERIFIED_FLAG`, `LATITUDE`, `LONGITUDE`, `ICON`, `CREATE_DATE`, `UPDATE_DATE`) VALUES (99, 'n', '-62.334993', '-29.597832', '/af46f481935ccacdda38485d64033c97.jpg', '2016-10-31 02:35:48', '2019-05-23 04:41:39');
INSERT INTO `LOCATION` (`LOCATION_ID`, `DRIVER_VERIFIED_FLAG`, `LATITUDE`, `LONGITUDE`, `ICON`, `CREATE_DATE`, `UPDATE_DATE`) VALUES (100, 'n', '26.161739', '-54.009793', '/4aebf4835137827d44aa7ed97c0c461c.jpg', '2016-10-02 13:55:41', '2019-03-31 23:45:29');


INSERT INTO `RIDER` (`RIDER_ID`, `DRIVER_VERIFIED_FLAG`, `USER_ID`, `CREATE_DATE`, `UPDATE_DATE`) VALUES (1, 'n', 1, '2018-08-20 19:02:43', '2018-01-01 07:06:20');
INSERT INTO `RIDER` (`RIDER_ID`, `DRIVER_VERIFIED_FLAG`, `USER_ID`, `CREATE_DATE`, `UPDATE_DATE`) VALUES (2, 'n', 2, '2017-03-16 07:20:00', '2017-09-22 02:38:59');
INSERT INTO `RIDER` (`RIDER_ID`, `DRIVER_VERIFIED_FLAG`, `USER_ID`, `CREATE_DATE`, `UPDATE_DATE`) VALUES (3, 'n', 3, '2017-12-10 19:07:30', '2017-07-12 05:33:06');
INSERT INTO `RIDER` (`RIDER_ID`, `DRIVER_VERIFIED_FLAG`, `USER_ID`, `CREATE_DATE`, `UPDATE_DATE`) VALUES (4, 'n', 4, '2016-06-28 16:29:00', '2017-03-20 19:13:02');
INSERT INTO `RIDER` (`RIDER_ID`, `DRIVER_VERIFIED_FLAG`, `USER_ID`, `CREATE_DATE`, `UPDATE_DATE`) VALUES (5, 'n', 5, '2019-01-14 08:02:22', '2016-10-31 23:39:59');
INSERT INTO `RIDER` (`RIDER_ID`, `DRIVER_VERIFIED_FLAG`, `USER_ID`, `CREATE_DATE`, `UPDATE_DATE`) VALUES (6, 'y', 6, '2017-09-07 13:21:44', '2018-10-28 15:13:38');
INSERT INTO `RIDER` (`RIDER_ID`, `DRIVER_VERIFIED_FLAG`, `USER_ID`, `CREATE_DATE`, `UPDATE_DATE`) VALUES (7, 'y', 7, '2019-06-02 03:48:58', '2018-11-05 18:34:56');
INSERT INTO `RIDER` (`RIDER_ID`, `DRIVER_VERIFIED_FLAG`, `USER_ID`, `CREATE_DATE`, `UPDATE_DATE`) VALUES (8, 'n', 8, '2017-11-28 11:24:26', '2017-09-13 22:03:37');
INSERT INTO `RIDER` (`RIDER_ID`, `DRIVER_VERIFIED_FLAG`, `USER_ID`, `CREATE_DATE`, `UPDATE_DATE`) VALUES (9, 'y', 9, '2016-06-22 16:38:28', '2017-02-26 11:14:05');
INSERT INTO `RIDER` (`RIDER_ID`, `DRIVER_VERIFIED_FLAG`, `USER_ID`, `CREATE_DATE`, `UPDATE_DATE`) VALUES (10, 'y', 10, '2019-04-19 15:10:51', '2017-08-06 16:59:28');
INSERT INTO `RIDER` (`RIDER_ID`, `DRIVER_VERIFIED_FLAG`, `USER_ID`, `CREATE_DATE`, `UPDATE_DATE`) VALUES (11, 'n', 11, '2018-07-15 09:06:29', '2018-12-02 00:22:37');
INSERT INTO `RIDER` (`RIDER_ID`, `DRIVER_VERIFIED_FLAG`, `USER_ID`, `CREATE_DATE`, `UPDATE_DATE`) VALUES (12, 'n', 12, '2018-10-26 09:42:30', '2017-08-02 13:30:35');
INSERT INTO `RIDER` (`RIDER_ID`, `DRIVER_VERIFIED_FLAG`, `USER_ID`, `CREATE_DATE`, `UPDATE_DATE`) VALUES (13, 'y', 13, '2018-03-13 17:09:09', '2017-11-11 18:28:54');
INSERT INTO `RIDER` (`RIDER_ID`, `DRIVER_VERIFIED_FLAG`, `USER_ID`, `CREATE_DATE`, `UPDATE_DATE`) VALUES (14, 'n', 14, '2019-01-12 19:00:55', '2016-11-22 16:03:21');
INSERT INTO `RIDER` (`RIDER_ID`, `DRIVER_VERIFIED_FLAG`, `USER_ID`, `CREATE_DATE`, `UPDATE_DATE`) VALUES (15, 'n', 15, '2017-08-15 15:57:54', '2016-10-31 16:14:33');
INSERT INTO `RIDER` (`RIDER_ID`, `DRIVER_VERIFIED_FLAG`, `USER_ID`, `CREATE_DATE`, `UPDATE_DATE`) VALUES (16, 'y', 16, '2018-10-22 02:13:42', '2019-02-03 05:42:30');
INSERT INTO `RIDER` (`RIDER_ID`, `DRIVER_VERIFIED_FLAG`, `USER_ID`, `CREATE_DATE`, `UPDATE_DATE`) VALUES (17, 'n', 17, '2018-10-04 18:31:41', '2016-07-09 03:02:51');
INSERT INTO `RIDER` (`RIDER_ID`, `DRIVER_VERIFIED_FLAG`, `USER_ID`, `CREATE_DATE`, `UPDATE_DATE`) VALUES (18, 'n', 18, '2019-02-11 14:54:50', '2017-10-31 14:39:21');
INSERT INTO `RIDER` (`RIDER_ID`, `DRIVER_VERIFIED_FLAG`, `USER_ID`, `CREATE_DATE`, `UPDATE_DATE`) VALUES (19, 'y', 19, '2018-08-26 18:46:41', '2017-05-20 02:14:10');
INSERT INTO `RIDER` (`RIDER_ID`, `DRIVER_VERIFIED_FLAG`, `USER_ID`, `CREATE_DATE`, `UPDATE_DATE`) VALUES (20, 'n', 20, '2018-01-21 23:07:51', '2019-03-25 21:22:43');
INSERT INTO `RIDER` (`RIDER_ID`, `DRIVER_VERIFIED_FLAG`, `USER_ID`, `CREATE_DATE`, `UPDATE_DATE`) VALUES (21, 'y', 21, '2016-11-14 00:05:59', '2018-09-04 04:23:00');
INSERT INTO `RIDER` (`RIDER_ID`, `DRIVER_VERIFIED_FLAG`, `USER_ID`, `CREATE_DATE`, `UPDATE_DATE`) VALUES (22, 'y', 22, '2016-09-21 03:57:58', '2018-08-05 07:09:46');
INSERT INTO `RIDER` (`RIDER_ID`, `DRIVER_VERIFIED_FLAG`, `USER_ID`, `CREATE_DATE`, `UPDATE_DATE`) VALUES (23, 'y', 23, '2018-08-28 03:46:30', '2017-05-08 12:54:49');
INSERT INTO `RIDER` (`RIDER_ID`, `DRIVER_VERIFIED_FLAG`, `USER_ID`, `CREATE_DATE`, `UPDATE_DATE`) VALUES (24, 'n', 24, '2018-08-06 18:13:24', '2016-09-06 06:10:33');
INSERT INTO `RIDER` (`RIDER_ID`, `DRIVER_VERIFIED_FLAG`, `USER_ID`, `CREATE_DATE`, `UPDATE_DATE`) VALUES (25, 'y', 25, '2018-10-12 20:01:02', '2016-07-29 08:16:31');
INSERT INTO `RIDER` (`RIDER_ID`, `DRIVER_VERIFIED_FLAG`, `USER_ID`, `CREATE_DATE`, `UPDATE_DATE`) VALUES (26, 'n', 26, '2016-10-04 19:06:35', '2017-06-07 09:41:36');
INSERT INTO `RIDER` (`RIDER_ID`, `DRIVER_VERIFIED_FLAG`, `USER_ID`, `CREATE_DATE`, `UPDATE_DATE`) VALUES (27, 'y', 27, '2017-12-25 10:09:59', '2016-10-23 06:22:16');
INSERT INTO `RIDER` (`RIDER_ID`, `DRIVER_VERIFIED_FLAG`, `USER_ID`, `CREATE_DATE`, `UPDATE_DATE`) VALUES (28, 'n', 28, '2016-08-18 16:44:14', '2018-11-03 09:42:49');
INSERT INTO `RIDER` (`RIDER_ID`, `DRIVER_VERIFIED_FLAG`, `USER_ID`, `CREATE_DATE`, `UPDATE_DATE`) VALUES (29, 'y', 29, '2018-12-17 23:54:46', '2017-06-01 21:48:48');
INSERT INTO `RIDER` (`RIDER_ID`, `DRIVER_VERIFIED_FLAG`, `USER_ID`, `CREATE_DATE`, `UPDATE_DATE`) VALUES (30, 'n', 30, '2019-03-26 15:27:58', '2016-11-13 11:47:57');
INSERT INTO `RIDER` (`RIDER_ID`, `DRIVER_VERIFIED_FLAG`, `USER_ID`, `CREATE_DATE`, `UPDATE_DATE`) VALUES (31, 'y', 31, '2017-06-24 11:43:58', '2017-04-02 11:44:59');
INSERT INTO `RIDER` (`RIDER_ID`, `DRIVER_VERIFIED_FLAG`, `USER_ID`, `CREATE_DATE`, `UPDATE_DATE`) VALUES (32, 'y', 32, '2019-05-03 10:54:59', '2016-12-21 19:06:56');
INSERT INTO `RIDER` (`RIDER_ID`, `DRIVER_VERIFIED_FLAG`, `USER_ID`, `CREATE_DATE`, `UPDATE_DATE`) VALUES (33, 'y', 33, '2016-08-29 09:30:08', '2019-01-17 19:37:09');
INSERT INTO `RIDER` (`RIDER_ID`, `DRIVER_VERIFIED_FLAG`, `USER_ID`, `CREATE_DATE`, `UPDATE_DATE`) VALUES (34, 'n', 34, '2018-11-04 09:07:28', '2017-01-07 07:11:20');
INSERT INTO `RIDER` (`RIDER_ID`, `DRIVER_VERIFIED_FLAG`, `USER_ID`, `CREATE_DATE`, `UPDATE_DATE`) VALUES (35, 'n', 35, '2018-06-23 06:51:50', '2018-02-23 02:17:32');
INSERT INTO `RIDER` (`RIDER_ID`, `DRIVER_VERIFIED_FLAG`, `USER_ID`, `CREATE_DATE`, `UPDATE_DATE`) VALUES (36, 'y', 36, '2016-10-14 06:08:01', '2019-03-16 22:51:19');
INSERT INTO `RIDER` (`RIDER_ID`, `DRIVER_VERIFIED_FLAG`, `USER_ID`, `CREATE_DATE`, `UPDATE_DATE`) VALUES (37, 'n', 37, '2018-09-15 14:39:27', '2018-01-14 06:11:13');
INSERT INTO `RIDER` (`RIDER_ID`, `DRIVER_VERIFIED_FLAG`, `USER_ID`, `CREATE_DATE`, `UPDATE_DATE`) VALUES (38, 'y', 38, '2016-08-01 06:08:51', '2016-10-14 11:59:35');
INSERT INTO `RIDER` (`RIDER_ID`, `DRIVER_VERIFIED_FLAG`, `USER_ID`, `CREATE_DATE`, `UPDATE_DATE`) VALUES (39, 'n', 39, '2018-04-17 19:45:01', '2019-02-24 11:27:29');
INSERT INTO `RIDER` (`RIDER_ID`, `DRIVER_VERIFIED_FLAG`, `USER_ID`, `CREATE_DATE`, `UPDATE_DATE`) VALUES (40, 'y', 40, '2019-02-13 20:38:44', '2018-11-27 18:35:30');
INSERT INTO `RIDER` (`RIDER_ID`, `DRIVER_VERIFIED_FLAG`, `USER_ID`, `CREATE_DATE`, `UPDATE_DATE`) VALUES (41, 'n', 41, '2017-04-21 01:06:01', '2018-08-23 05:42:00');
INSERT INTO `RIDER` (`RIDER_ID`, `DRIVER_VERIFIED_FLAG`, `USER_ID`, `CREATE_DATE`, `UPDATE_DATE`) VALUES (42, 'y', 42, '2017-09-22 06:02:05', '2016-07-13 08:37:07');
INSERT INTO `RIDER` (`RIDER_ID`, `DRIVER_VERIFIED_FLAG`, `USER_ID`, `CREATE_DATE`, `UPDATE_DATE`) VALUES (43, 'n', 43, '2018-08-02 16:12:12', '2018-07-05 17:33:31');
INSERT INTO `RIDER` (`RIDER_ID`, `DRIVER_VERIFIED_FLAG`, `USER_ID`, `CREATE_DATE`, `UPDATE_DATE`) VALUES (44, 'y', 44, '2018-03-29 06:51:29', '2018-09-01 06:34:30');
INSERT INTO `RIDER` (`RIDER_ID`, `DRIVER_VERIFIED_FLAG`, `USER_ID`, `CREATE_DATE`, `UPDATE_DATE`) VALUES (45, 'y', 45, '2016-06-22 03:56:40', '2017-02-19 17:54:25');
INSERT INTO `RIDER` (`RIDER_ID`, `DRIVER_VERIFIED_FLAG`, `USER_ID`, `CREATE_DATE`, `UPDATE_DATE`) VALUES (46, 'y', 46, '2018-08-21 10:36:54', '2018-07-10 13:47:54');
INSERT INTO `RIDER` (`RIDER_ID`, `DRIVER_VERIFIED_FLAG`, `USER_ID`, `CREATE_DATE`, `UPDATE_DATE`) VALUES (47, 'y', 47, '2017-02-04 10:58:23', '2018-10-16 13:35:58');
INSERT INTO `RIDER` (`RIDER_ID`, `DRIVER_VERIFIED_FLAG`, `USER_ID`, `CREATE_DATE`, `UPDATE_DATE`) VALUES (48, 'n', 48, '2019-02-10 07:13:17', '2017-01-23 22:15:50');
INSERT INTO `RIDER` (`RIDER_ID`, `DRIVER_VERIFIED_FLAG`, `USER_ID`, `CREATE_DATE`, `UPDATE_DATE`) VALUES (49, 'n', 49, '2018-07-21 02:57:43', '2018-07-27 20:58:13');
INSERT INTO `RIDER` (`RIDER_ID`, `DRIVER_VERIFIED_FLAG`, `USER_ID`, `CREATE_DATE`, `UPDATE_DATE`) VALUES (50, 'y', 50, '2017-05-09 10:31:39', '2017-05-18 17:59:12');
INSERT INTO `RIDER` (`RIDER_ID`, `DRIVER_VERIFIED_FLAG`, `USER_ID`, `CREATE_DATE`, `UPDATE_DATE`) VALUES (51, 'n', 51, '2019-04-05 08:00:00', '2017-04-22 15:15:24');
INSERT INTO `RIDER` (`RIDER_ID`, `DRIVER_VERIFIED_FLAG`, `USER_ID`, `CREATE_DATE`, `UPDATE_DATE`) VALUES (52, 'n', 52, '2016-06-19 15:11:15', '2017-06-07 18:24:28');
INSERT INTO `RIDER` (`RIDER_ID`, `DRIVER_VERIFIED_FLAG`, `USER_ID`, `CREATE_DATE`, `UPDATE_DATE`) VALUES (53, 'y', 53, '2016-09-10 22:58:11', '2017-05-14 07:51:07');
INSERT INTO `RIDER` (`RIDER_ID`, `DRIVER_VERIFIED_FLAG`, `USER_ID`, `CREATE_DATE`, `UPDATE_DATE`) VALUES (54, 'n', 54, '2016-07-27 12:51:59', '2016-12-27 03:38:39');
INSERT INTO `RIDER` (`RIDER_ID`, `DRIVER_VERIFIED_FLAG`, `USER_ID`, `CREATE_DATE`, `UPDATE_DATE`) VALUES (55, 'n', 55, '2016-10-14 09:50:13', '2018-10-06 09:22:21');
INSERT INTO `RIDER` (`RIDER_ID`, `DRIVER_VERIFIED_FLAG`, `USER_ID`, `CREATE_DATE`, `UPDATE_DATE`) VALUES (56, 'n', 56, '2017-05-09 14:43:57', '2018-10-05 00:11:14');
INSERT INTO `RIDER` (`RIDER_ID`, `DRIVER_VERIFIED_FLAG`, `USER_ID`, `CREATE_DATE`, `UPDATE_DATE`) VALUES (57, 'y', 57, '2016-10-17 12:21:16', '2017-09-25 21:48:04');
INSERT INTO `RIDER` (`RIDER_ID`, `DRIVER_VERIFIED_FLAG`, `USER_ID`, `CREATE_DATE`, `UPDATE_DATE`) VALUES (58, 'n', 58, '2018-05-26 05:47:25', '2017-03-01 17:53:37');
INSERT INTO `RIDER` (`RIDER_ID`, `DRIVER_VERIFIED_FLAG`, `USER_ID`, `CREATE_DATE`, `UPDATE_DATE`) VALUES (59, 'y', 59, '2018-10-27 10:42:43', '2019-04-18 07:43:18');
INSERT INTO `RIDER` (`RIDER_ID`, `DRIVER_VERIFIED_FLAG`, `USER_ID`, `CREATE_DATE`, `UPDATE_DATE`) VALUES (60, 'n', 60, '2018-12-12 06:28:47', '2017-10-04 21:49:45');
INSERT INTO `RIDER` (`RIDER_ID`, `DRIVER_VERIFIED_FLAG`, `USER_ID`, `CREATE_DATE`, `UPDATE_DATE`) VALUES (61, 'y', 61, '2018-11-28 06:30:08', '2017-11-24 01:23:07');
INSERT INTO `RIDER` (`RIDER_ID`, `DRIVER_VERIFIED_FLAG`, `USER_ID`, `CREATE_DATE`, `UPDATE_DATE`) VALUES (62, 'n', 62, '2018-07-23 00:05:13', '2016-11-24 18:22:49');
INSERT INTO `RIDER` (`RIDER_ID`, `DRIVER_VERIFIED_FLAG`, `USER_ID`, `CREATE_DATE`, `UPDATE_DATE`) VALUES (63, 'y', 63, '2018-06-23 02:01:22', '2016-12-16 02:57:26');
INSERT INTO `RIDER` (`RIDER_ID`, `DRIVER_VERIFIED_FLAG`, `USER_ID`, `CREATE_DATE`, `UPDATE_DATE`) VALUES (64, 'n', 64, '2018-03-09 03:44:52', '2017-03-09 23:32:25');
INSERT INTO `RIDER` (`RIDER_ID`, `DRIVER_VERIFIED_FLAG`, `USER_ID`, `CREATE_DATE`, `UPDATE_DATE`) VALUES (65, 'n', 65, '2016-09-26 02:34:40', '2017-05-18 05:44:28');
INSERT INTO `RIDER` (`RIDER_ID`, `DRIVER_VERIFIED_FLAG`, `USER_ID`, `CREATE_DATE`, `UPDATE_DATE`) VALUES (66, 'n', 66, '2018-05-28 17:05:54', '2018-06-23 08:34:36');
INSERT INTO `RIDER` (`RIDER_ID`, `DRIVER_VERIFIED_FLAG`, `USER_ID`, `CREATE_DATE`, `UPDATE_DATE`) VALUES (67, 'y', 67, '2016-06-13 07:57:20', '2019-02-19 06:21:22');
INSERT INTO `RIDER` (`RIDER_ID`, `DRIVER_VERIFIED_FLAG`, `USER_ID`, `CREATE_DATE`, `UPDATE_DATE`) VALUES (68, 'n', 68, '2016-07-10 23:59:29', '2019-05-02 01:21:58');
INSERT INTO `RIDER` (`RIDER_ID`, `DRIVER_VERIFIED_FLAG`, `USER_ID`, `CREATE_DATE`, `UPDATE_DATE`) VALUES (69, 'n', 69, '2019-04-02 21:33:13', '2019-04-22 23:54:40');
INSERT INTO `RIDER` (`RIDER_ID`, `DRIVER_VERIFIED_FLAG`, `USER_ID`, `CREATE_DATE`, `UPDATE_DATE`) VALUES (70, 'y', 70, '2017-07-28 00:31:13', '2018-01-12 12:49:26');
INSERT INTO `RIDER` (`RIDER_ID`, `DRIVER_VERIFIED_FLAG`, `USER_ID`, `CREATE_DATE`, `UPDATE_DATE`) VALUES (71, 'y', 71, '2017-01-04 08:59:29', '2018-11-09 19:53:06');
INSERT INTO `RIDER` (`RIDER_ID`, `DRIVER_VERIFIED_FLAG`, `USER_ID`, `CREATE_DATE`, `UPDATE_DATE`) VALUES (72, 'y', 72, '2017-03-06 00:25:41', '2018-11-13 20:37:36');
INSERT INTO `RIDER` (`RIDER_ID`, `DRIVER_VERIFIED_FLAG`, `USER_ID`, `CREATE_DATE`, `UPDATE_DATE`) VALUES (73, 'n', 73, '2018-10-01 06:45:59', '2018-10-25 14:30:11');
INSERT INTO `RIDER` (`RIDER_ID`, `DRIVER_VERIFIED_FLAG`, `USER_ID`, `CREATE_DATE`, `UPDATE_DATE`) VALUES (74, 'n', 74, '2018-12-31 16:34:42', '2018-03-21 09:29:03');
INSERT INTO `RIDER` (`RIDER_ID`, `DRIVER_VERIFIED_FLAG`, `USER_ID`, `CREATE_DATE`, `UPDATE_DATE`) VALUES (75, 'n', 75, '2018-02-03 03:51:01', '2016-06-21 00:57:59');
INSERT INTO `RIDER` (`RIDER_ID`, `DRIVER_VERIFIED_FLAG`, `USER_ID`, `CREATE_DATE`, `UPDATE_DATE`) VALUES (76, 'y', 76, '2016-09-30 11:31:03', '2018-11-17 20:25:18');
INSERT INTO `RIDER` (`RIDER_ID`, `DRIVER_VERIFIED_FLAG`, `USER_ID`, `CREATE_DATE`, `UPDATE_DATE`) VALUES (77, 'y', 77, '2017-01-03 15:32:42', '2016-07-03 07:41:41');
INSERT INTO `RIDER` (`RIDER_ID`, `DRIVER_VERIFIED_FLAG`, `USER_ID`, `CREATE_DATE`, `UPDATE_DATE`) VALUES (78, 'n', 78, '2017-11-11 23:19:52', '2018-08-17 20:01:50');
INSERT INTO `RIDER` (`RIDER_ID`, `DRIVER_VERIFIED_FLAG`, `USER_ID`, `CREATE_DATE`, `UPDATE_DATE`) VALUES (79, 'y', 79, '2019-06-04 06:51:44', '2016-10-15 16:21:56');
INSERT INTO `RIDER` (`RIDER_ID`, `DRIVER_VERIFIED_FLAG`, `USER_ID`, `CREATE_DATE`, `UPDATE_DATE`) VALUES (80, 'y', 80, '2017-07-08 02:54:41', '2019-04-10 23:22:21');
INSERT INTO `RIDER` (`RIDER_ID`, `DRIVER_VERIFIED_FLAG`, `USER_ID`, `CREATE_DATE`, `UPDATE_DATE`) VALUES (81, 'y', 81, '2019-02-10 17:52:46', '2019-02-25 23:19:13');
INSERT INTO `RIDER` (`RIDER_ID`, `DRIVER_VERIFIED_FLAG`, `USER_ID`, `CREATE_DATE`, `UPDATE_DATE`) VALUES (82, 'y', 82, '2018-11-15 16:10:15', '2018-09-30 23:04:41');
INSERT INTO `RIDER` (`RIDER_ID`, `DRIVER_VERIFIED_FLAG`, `USER_ID`, `CREATE_DATE`, `UPDATE_DATE`) VALUES (83, 'n', 83, '2016-06-14 04:04:54', '2017-08-05 13:30:51');
INSERT INTO `RIDER` (`RIDER_ID`, `DRIVER_VERIFIED_FLAG`, `USER_ID`, `CREATE_DATE`, `UPDATE_DATE`) VALUES (84, 'y', 84, '2016-09-30 22:09:40', '2018-04-14 04:03:29');
INSERT INTO `RIDER` (`RIDER_ID`, `DRIVER_VERIFIED_FLAG`, `USER_ID`, `CREATE_DATE`, `UPDATE_DATE`) VALUES (85, 'n', 85, '2018-01-13 20:32:05', '2018-10-30 09:46:54');
INSERT INTO `RIDER` (`RIDER_ID`, `DRIVER_VERIFIED_FLAG`, `USER_ID`, `CREATE_DATE`, `UPDATE_DATE`) VALUES (86, 'y', 86, '2018-08-08 22:31:25', '2017-04-30 06:40:27');
INSERT INTO `RIDER` (`RIDER_ID`, `DRIVER_VERIFIED_FLAG`, `USER_ID`, `CREATE_DATE`, `UPDATE_DATE`) VALUES (87, 'n', 87, '2017-11-03 11:43:33', '2019-05-02 14:52:24');
INSERT INTO `RIDER` (`RIDER_ID`, `DRIVER_VERIFIED_FLAG`, `USER_ID`, `CREATE_DATE`, `UPDATE_DATE`) VALUES (88, 'n', 88, '2018-04-12 12:43:10', '2016-11-19 06:05:39');
INSERT INTO `RIDER` (`RIDER_ID`, `DRIVER_VERIFIED_FLAG`, `USER_ID`, `CREATE_DATE`, `UPDATE_DATE`) VALUES (89, 'y', 89, '2016-06-27 03:10:44', '2019-03-07 05:13:40');
INSERT INTO `RIDER` (`RIDER_ID`, `DRIVER_VERIFIED_FLAG`, `USER_ID`, `CREATE_DATE`, `UPDATE_DATE`) VALUES (90, 'y', 90, '2017-04-22 14:04:57', '2017-12-07 00:12:42');
INSERT INTO `RIDER` (`RIDER_ID`, `DRIVER_VERIFIED_FLAG`, `USER_ID`, `CREATE_DATE`, `UPDATE_DATE`) VALUES (91, 'y', 91, '2018-05-19 23:59:38', '2019-03-17 16:22:21');
INSERT INTO `RIDER` (`RIDER_ID`, `DRIVER_VERIFIED_FLAG`, `USER_ID`, `CREATE_DATE`, `UPDATE_DATE`) VALUES (92, 'n', 92, '2019-05-06 17:03:56', '2016-11-08 21:44:58');
INSERT INTO `RIDER` (`RIDER_ID`, `DRIVER_VERIFIED_FLAG`, `USER_ID`, `CREATE_DATE`, `UPDATE_DATE`) VALUES (93, 'y', 93, '2018-10-18 01:56:13', '2017-11-11 10:32:59');
INSERT INTO `RIDER` (`RIDER_ID`, `DRIVER_VERIFIED_FLAG`, `USER_ID`, `CREATE_DATE`, `UPDATE_DATE`) VALUES (94, 'y', 94, '2018-09-10 04:34:13', '2017-05-11 14:58:18');
INSERT INTO `RIDER` (`RIDER_ID`, `DRIVER_VERIFIED_FLAG`, `USER_ID`, `CREATE_DATE`, `UPDATE_DATE`) VALUES (95, 'y', 95, '2017-11-20 03:34:19', '2018-07-20 21:41:54');
INSERT INTO `RIDER` (`RIDER_ID`, `DRIVER_VERIFIED_FLAG`, `USER_ID`, `CREATE_DATE`, `UPDATE_DATE`) VALUES (96, 'n', 96, '2017-01-13 18:27:30', '2017-06-26 18:18:38');
INSERT INTO `RIDER` (`RIDER_ID`, `DRIVER_VERIFIED_FLAG`, `USER_ID`, `CREATE_DATE`, `UPDATE_DATE`) VALUES (97, 'n', 97, '2017-03-24 00:43:40', '2018-07-13 13:25:20');
INSERT INTO `RIDER` (`RIDER_ID`, `DRIVER_VERIFIED_FLAG`, `USER_ID`, `CREATE_DATE`, `UPDATE_DATE`) VALUES (98, 'y', 98, '2018-11-17 16:09:27', '2018-03-12 02:17:26');
INSERT INTO `RIDER` (`RIDER_ID`, `DRIVER_VERIFIED_FLAG`, `USER_ID`, `CREATE_DATE`, `UPDATE_DATE`) VALUES (99, 'y', 99, '2018-03-03 09:07:13', '2018-10-24 05:28:22');
INSERT INTO `RIDER` (`RIDER_ID`, `DRIVER_VERIFIED_FLAG`, `USER_ID`, `CREATE_DATE`, `UPDATE_DATE`) VALUES (100, 'y', 100, '2017-01-12 18:59:29', '2018-07-16 10:15:05');


INSERT INTO `SCHEDULE` (`SCHEDULE_ID`, `ORIGIN_ID`, `DESTINATION_ID`, `AMOUNT`, `DOW`, `START_DATE`, `END_DATE`, `TIME_OF_DAY`, `CREATE_DATE`, `UPDATE_DATE`) VALUES (1, 1, 65, 731, 8, '2019-01-18 02:59:19', '2019-03-12 21:08:49', '00:32:03', '2018-12-31 08:15:44', '2018-02-18 20:35:21');
INSERT INTO `SCHEDULE` (`SCHEDULE_ID`, `ORIGIN_ID`, `DESTINATION_ID`, `AMOUNT`, `DOW`, `START_DATE`, `END_DATE`, `TIME_OF_DAY`, `CREATE_DATE`, `UPDATE_DATE`) VALUES (2, 2, 63, 4453, 117, '2019-03-25 15:37:51', '2019-01-10 16:56:52', '06:50:31', '2017-12-21 18:44:00', '2017-09-10 08:10:16');
INSERT INTO `SCHEDULE` (`SCHEDULE_ID`, `ORIGIN_ID`, `DESTINATION_ID`, `AMOUNT`, `DOW`, `START_DATE`, `END_DATE`, `TIME_OF_DAY`, `CREATE_DATE`, `UPDATE_DATE`) VALUES (3, 3, 96, 83, 36, '2018-06-15 19:48:06', '2019-01-14 16:10:25', '13:27:26', '2019-05-13 02:54:33', '2016-10-17 10:18:57');
INSERT INTO `SCHEDULE` (`SCHEDULE_ID`, `ORIGIN_ID`, `DESTINATION_ID`, `AMOUNT`, `DOW`, `START_DATE`, `END_DATE`, `TIME_OF_DAY`, `CREATE_DATE`, `UPDATE_DATE`) VALUES (4, 4, 39, 6, 10, '2019-01-06 00:31:01', '2019-01-22 01:19:00', '22:14:36', '2017-04-27 19:27:47', '2019-04-25 10:25:37');
INSERT INTO `SCHEDULE` (`SCHEDULE_ID`, `ORIGIN_ID`, `DESTINATION_ID`, `AMOUNT`, `DOW`, `START_DATE`, `END_DATE`, `TIME_OF_DAY`, `CREATE_DATE`, `UPDATE_DATE`) VALUES (5, 5, 26, 2, 32, '2019-02-01 03:37:55', '2019-01-17 23:52:17', '17:40:04', '2017-10-21 09:03:11', '2019-02-05 22:27:14');
INSERT INTO `SCHEDULE` (`SCHEDULE_ID`, `ORIGIN_ID`, `DESTINATION_ID`, `AMOUNT`, `DOW`, `START_DATE`, `END_DATE`, `TIME_OF_DAY`, `CREATE_DATE`, `UPDATE_DATE`) VALUES (6, 6, 39, 9136, 9, '2018-10-26 12:11:15', '2018-08-25 17:04:36', '17:10:40', '2017-10-14 13:58:16', '2016-08-18 03:49:37');
INSERT INTO `SCHEDULE` (`SCHEDULE_ID`, `ORIGIN_ID`, `DESTINATION_ID`, `AMOUNT`, `DOW`, `START_DATE`, `END_DATE`, `TIME_OF_DAY`, `CREATE_DATE`, `UPDATE_DATE`) VALUES (7, 7, 99, 0, 21, '2018-10-07 18:50:50', '2018-11-14 10:53:33', '09:15:56', '2017-08-10 01:50:34', '2018-05-18 07:45:38');
INSERT INTO `SCHEDULE` (`SCHEDULE_ID`, `ORIGIN_ID`, `DESTINATION_ID`, `AMOUNT`, `DOW`, `START_DATE`, `END_DATE`, `TIME_OF_DAY`, `CREATE_DATE`, `UPDATE_DATE`) VALUES (8, 8, 72, 8169, 64, '2019-05-30 21:09:01', '2018-06-13 14:41:37', '03:54:10', '2018-02-09 13:33:23', '2017-08-02 16:57:56');
INSERT INTO `SCHEDULE` (`SCHEDULE_ID`, `ORIGIN_ID`, `DESTINATION_ID`, `AMOUNT`, `DOW`, `START_DATE`, `END_DATE`, `TIME_OF_DAY`, `CREATE_DATE`, `UPDATE_DATE`) VALUES (9, 9, 72, 31, 98, '2018-10-31 10:59:27', '2018-07-13 14:46:49', '23:05:29', '2017-05-13 00:41:52', '2018-03-19 07:21:58');
INSERT INTO `SCHEDULE` (`SCHEDULE_ID`, `ORIGIN_ID`, `DESTINATION_ID`, `AMOUNT`, `DOW`, `START_DATE`, `END_DATE`, `TIME_OF_DAY`, `CREATE_DATE`, `UPDATE_DATE`) VALUES (10, 10, 45, 54558019, 67, '2018-09-24 01:01:53', '2019-04-08 14:37:23', '23:03:38', '2017-06-09 02:32:41', '2017-10-10 18:54:08');
INSERT INTO `SCHEDULE` (`SCHEDULE_ID`, `ORIGIN_ID`, `DESTINATION_ID`, `AMOUNT`, `DOW`, `START_DATE`, `END_DATE`, `TIME_OF_DAY`, `CREATE_DATE`, `UPDATE_DATE`) VALUES (11, 11, 28, 0, 41, '2019-03-15 05:48:58', '2018-07-21 19:17:33', '20:15:05', '2018-05-21 08:18:00', '2017-04-09 15:52:19');
INSERT INTO `SCHEDULE` (`SCHEDULE_ID`, `ORIGIN_ID`, `DESTINATION_ID`, `AMOUNT`, `DOW`, `START_DATE`, `END_DATE`, `TIME_OF_DAY`, `CREATE_DATE`, `UPDATE_DATE`) VALUES (12, 12, 13, 20, 21, '2018-09-12 23:43:19', '2018-08-20 18:33:53', '17:43:40', '2018-06-26 03:39:24', '2016-12-14 08:14:53');
INSERT INTO `SCHEDULE` (`SCHEDULE_ID`, `ORIGIN_ID`, `DESTINATION_ID`, `AMOUNT`, `DOW`, `START_DATE`, `END_DATE`, `TIME_OF_DAY`, `CREATE_DATE`, `UPDATE_DATE`) VALUES (13, 13, 93, 214815928, 83, '2018-12-19 10:15:38', '2018-06-29 22:58:06', '14:23:36', '2018-05-27 08:05:11', '2018-07-09 18:19:37');
INSERT INTO `SCHEDULE` (`SCHEDULE_ID`, `ORIGIN_ID`, `DESTINATION_ID`, `AMOUNT`, `DOW`, `START_DATE`, `END_DATE`, `TIME_OF_DAY`, `CREATE_DATE`, `UPDATE_DATE`) VALUES (14, 14, 52, 135153, 4, '2019-04-25 13:45:14', '2018-09-22 05:08:54', '23:30:58', '2018-11-11 21:17:51', '2018-05-23 19:15:48');
INSERT INTO `SCHEDULE` (`SCHEDULE_ID`, `ORIGIN_ID`, `DESTINATION_ID`, `AMOUNT`, `DOW`, `START_DATE`, `END_DATE`, `TIME_OF_DAY`, `CREATE_DATE`, `UPDATE_DATE`) VALUES (15, 15, 23, 74242696, 31, '2018-11-01 09:21:58', '2018-10-26 04:11:26', '15:56:07', '2017-02-04 00:25:07', '2016-07-28 02:23:26');
INSERT INTO `SCHEDULE` (`SCHEDULE_ID`, `ORIGIN_ID`, `DESTINATION_ID`, `AMOUNT`, `DOW`, `START_DATE`, `END_DATE`, `TIME_OF_DAY`, `CREATE_DATE`, `UPDATE_DATE`) VALUES (16, 16, 23, 0, 48, '2019-05-08 04:02:25', '2019-01-29 10:40:04', '04:15:59', '2019-01-08 16:38:25', '2017-04-27 07:29:33');
INSERT INTO `SCHEDULE` (`SCHEDULE_ID`, `ORIGIN_ID`, `DESTINATION_ID`, `AMOUNT`, `DOW`, `START_DATE`, `END_DATE`, `TIME_OF_DAY`, `CREATE_DATE`, `UPDATE_DATE`) VALUES (17, 17, 10, 620231, 30, '2019-02-08 17:47:29', '2019-03-19 23:24:27', '14:23:57', '2018-06-26 19:22:48', '2017-11-13 23:01:25');
INSERT INTO `SCHEDULE` (`SCHEDULE_ID`, `ORIGIN_ID`, `DESTINATION_ID`, `AMOUNT`, `DOW`, `START_DATE`, `END_DATE`, `TIME_OF_DAY`, `CREATE_DATE`, `UPDATE_DATE`) VALUES (18, 18, 14, 2, 35, '2018-08-24 22:47:53', '2019-06-07 08:00:37', '11:15:19', '2017-12-13 04:09:18', '2018-11-11 05:33:59');
INSERT INTO `SCHEDULE` (`SCHEDULE_ID`, `ORIGIN_ID`, `DESTINATION_ID`, `AMOUNT`, `DOW`, `START_DATE`, `END_DATE`, `TIME_OF_DAY`, `CREATE_DATE`, `UPDATE_DATE`) VALUES (19, 19, 94, 659659, 68, '2019-02-08 07:49:57', '2018-07-01 23:00:52', '17:54:16', '2018-04-30 11:12:12', '2017-12-28 10:38:49');
INSERT INTO `SCHEDULE` (`SCHEDULE_ID`, `ORIGIN_ID`, `DESTINATION_ID`, `AMOUNT`, `DOW`, `START_DATE`, `END_DATE`, `TIME_OF_DAY`, `CREATE_DATE`, `UPDATE_DATE`) VALUES (20, 20, 29, 149011981, 63, '2018-11-18 12:45:18', '2019-01-30 11:29:18', '17:16:12', '2017-02-03 00:23:28', '2016-07-17 04:53:37');
INSERT INTO `SCHEDULE` (`SCHEDULE_ID`, `ORIGIN_ID`, `DESTINATION_ID`, `AMOUNT`, `DOW`, `START_DATE`, `END_DATE`, `TIME_OF_DAY`, `CREATE_DATE`, `UPDATE_DATE`) VALUES (21, 21, 78, 0, 73, '2018-09-03 02:32:51', '2018-10-02 15:14:34', '19:43:08', '2019-04-24 07:25:37', '2018-05-09 21:04:37');
INSERT INTO `SCHEDULE` (`SCHEDULE_ID`, `ORIGIN_ID`, `DESTINATION_ID`, `AMOUNT`, `DOW`, `START_DATE`, `END_DATE`, `TIME_OF_DAY`, `CREATE_DATE`, `UPDATE_DATE`) VALUES (22, 22, 26, 4315, 106, '2019-04-16 01:56:57', '2019-01-13 06:51:33', '01:08:37', '2018-03-29 13:07:27', '2018-10-25 13:56:28');
INSERT INTO `SCHEDULE` (`SCHEDULE_ID`, `ORIGIN_ID`, `DESTINATION_ID`, `AMOUNT`, `DOW`, `START_DATE`, `END_DATE`, `TIME_OF_DAY`, `CREATE_DATE`, `UPDATE_DATE`) VALUES (23, 23, 72, 2219051, 19, '2019-03-31 00:29:12', '2018-08-15 01:32:37', '20:07:02', '2016-08-07 14:07:00', '2016-06-30 01:05:10');
INSERT INTO `SCHEDULE` (`SCHEDULE_ID`, `ORIGIN_ID`, `DESTINATION_ID`, `AMOUNT`, `DOW`, `START_DATE`, `END_DATE`, `TIME_OF_DAY`, `CREATE_DATE`, `UPDATE_DATE`) VALUES (24, 24, 50, 255804, 32, '2018-10-22 01:14:39', '2018-10-19 19:11:25', '13:21:40', '2018-01-27 14:52:26', '2016-07-08 07:25:24');
INSERT INTO `SCHEDULE` (`SCHEDULE_ID`, `ORIGIN_ID`, `DESTINATION_ID`, `AMOUNT`, `DOW`, `START_DATE`, `END_DATE`, `TIME_OF_DAY`, `CREATE_DATE`, `UPDATE_DATE`) VALUES (25, 25, 19, 0, 35, '2018-08-24 22:18:39', '2018-07-06 23:54:57', '18:56:32', '2017-05-02 00:38:56', '2017-11-09 23:50:01');
INSERT INTO `SCHEDULE` (`SCHEDULE_ID`, `ORIGIN_ID`, `DESTINATION_ID`, `AMOUNT`, `DOW`, `START_DATE`, `END_DATE`, `TIME_OF_DAY`, `CREATE_DATE`, `UPDATE_DATE`) VALUES (26, 26, 92, 160, 103, '2018-09-14 22:39:26', '2019-04-02 18:28:08', '14:55:54', '2017-09-16 12:07:16', '2018-12-07 09:31:46');
INSERT INTO `SCHEDULE` (`SCHEDULE_ID`, `ORIGIN_ID`, `DESTINATION_ID`, `AMOUNT`, `DOW`, `START_DATE`, `END_DATE`, `TIME_OF_DAY`, `CREATE_DATE`, `UPDATE_DATE`) VALUES (27, 27, 39, 569, 64, '2018-08-25 11:08:32', '2018-07-08 16:53:32', '13:13:41', '2017-02-14 14:13:08', '2016-06-24 09:13:38');
INSERT INTO `SCHEDULE` (`SCHEDULE_ID`, `ORIGIN_ID`, `DESTINATION_ID`, `AMOUNT`, `DOW`, `START_DATE`, `END_DATE`, `TIME_OF_DAY`, `CREATE_DATE`, `UPDATE_DATE`) VALUES (28, 28, 45, 107, 99, '2019-01-01 16:42:31', '2018-12-07 19:13:10', '07:14:36', '2016-09-26 12:45:42', '2018-06-15 11:41:06');
INSERT INTO `SCHEDULE` (`SCHEDULE_ID`, `ORIGIN_ID`, `DESTINATION_ID`, `AMOUNT`, `DOW`, `START_DATE`, `END_DATE`, `TIME_OF_DAY`, `CREATE_DATE`, `UPDATE_DATE`) VALUES (29, 29, 91, 19978926, 82, '2018-11-30 06:17:28', '2018-07-04 12:30:06', '10:31:35', '2017-11-16 01:58:16', '2019-03-16 11:09:05');
INSERT INTO `SCHEDULE` (`SCHEDULE_ID`, `ORIGIN_ID`, `DESTINATION_ID`, `AMOUNT`, `DOW`, `START_DATE`, `END_DATE`, `TIME_OF_DAY`, `CREATE_DATE`, `UPDATE_DATE`) VALUES (30, 30, 28, 48835237, 99, '2018-12-23 21:21:24', '2018-12-21 08:23:21', '03:52:52', '2017-04-26 11:09:56', '2019-03-08 00:09:58');
INSERT INTO `SCHEDULE` (`SCHEDULE_ID`, `ORIGIN_ID`, `DESTINATION_ID`, `AMOUNT`, `DOW`, `START_DATE`, `END_DATE`, `TIME_OF_DAY`, `CREATE_DATE`, `UPDATE_DATE`) VALUES (31, 31, 51, 0, 10, '2018-11-03 07:01:56', '2018-07-04 13:32:36', '06:25:34', '2017-12-08 05:52:45', '2016-07-08 00:56:08');
INSERT INTO `SCHEDULE` (`SCHEDULE_ID`, `ORIGIN_ID`, `DESTINATION_ID`, `AMOUNT`, `DOW`, `START_DATE`, `END_DATE`, `TIME_OF_DAY`, `CREATE_DATE`, `UPDATE_DATE`) VALUES (32, 32, 85, 2765, 101, '2019-05-03 13:17:19', '2018-09-07 07:13:58', '17:57:39', '2016-08-17 06:28:46', '2018-06-19 05:46:09');
INSERT INTO `SCHEDULE` (`SCHEDULE_ID`, `ORIGIN_ID`, `DESTINATION_ID`, `AMOUNT`, `DOW`, `START_DATE`, `END_DATE`, `TIME_OF_DAY`, `CREATE_DATE`, `UPDATE_DATE`) VALUES (33, 33, 82, 3457767, 3, '2019-03-28 00:21:57', '2018-08-27 16:07:43', '02:39:18', '2019-04-04 21:12:55', '2018-04-27 09:25:03');
INSERT INTO `SCHEDULE` (`SCHEDULE_ID`, `ORIGIN_ID`, `DESTINATION_ID`, `AMOUNT`, `DOW`, `START_DATE`, `END_DATE`, `TIME_OF_DAY`, `CREATE_DATE`, `UPDATE_DATE`) VALUES (34, 34, 61, 4, 92, '2018-06-15 22:24:22', '2018-12-09 05:29:19', '19:59:44', '2017-03-10 17:48:17', '2019-02-25 14:00:42');
INSERT INTO `SCHEDULE` (`SCHEDULE_ID`, `ORIGIN_ID`, `DESTINATION_ID`, `AMOUNT`, `DOW`, `START_DATE`, `END_DATE`, `TIME_OF_DAY`, `CREATE_DATE`, `UPDATE_DATE`) VALUES (35, 35, 14, 1812875, 15, '2019-03-11 20:27:09', '2019-04-21 06:27:06', '13:48:30', '2016-07-08 04:00:00', '2018-02-05 04:05:57');
INSERT INTO `SCHEDULE` (`SCHEDULE_ID`, `ORIGIN_ID`, `DESTINATION_ID`, `AMOUNT`, `DOW`, `START_DATE`, `END_DATE`, `TIME_OF_DAY`, `CREATE_DATE`, `UPDATE_DATE`) VALUES (36, 36, 17, 5228160, 20, '2019-02-03 15:31:23', '2019-04-30 13:18:39', '11:37:48', '2016-11-20 01:55:35', '2017-05-04 01:51:23');
INSERT INTO `SCHEDULE` (`SCHEDULE_ID`, `ORIGIN_ID`, `DESTINATION_ID`, `AMOUNT`, `DOW`, `START_DATE`, `END_DATE`, `TIME_OF_DAY`, `CREATE_DATE`, `UPDATE_DATE`) VALUES (37, 37, 88, 21150519, 80, '2018-08-29 12:27:16', '2018-11-27 08:02:46', '10:43:52', '2018-02-08 03:10:57', '2016-06-22 05:46:05');
INSERT INTO `SCHEDULE` (`SCHEDULE_ID`, `ORIGIN_ID`, `DESTINATION_ID`, `AMOUNT`, `DOW`, `START_DATE`, `END_DATE`, `TIME_OF_DAY`, `CREATE_DATE`, `UPDATE_DATE`) VALUES (38, 38, 29, 2444380, 33, '2018-09-25 11:50:08', '2019-01-12 16:26:39', '23:26:01', '2019-05-05 22:48:50', '2018-02-03 21:37:04');
INSERT INTO `SCHEDULE` (`SCHEDULE_ID`, `ORIGIN_ID`, `DESTINATION_ID`, `AMOUNT`, `DOW`, `START_DATE`, `END_DATE`, `TIME_OF_DAY`, `CREATE_DATE`, `UPDATE_DATE`) VALUES (39, 39, 53, 327, 10, '2018-11-30 20:50:05', '2018-09-22 12:58:47', '18:03:19', '2016-08-06 19:11:38', '2016-07-29 16:50:10');
INSERT INTO `SCHEDULE` (`SCHEDULE_ID`, `ORIGIN_ID`, `DESTINATION_ID`, `AMOUNT`, `DOW`, `START_DATE`, `END_DATE`, `TIME_OF_DAY`, `CREATE_DATE`, `UPDATE_DATE`) VALUES (40, 40, 49, 500570252, 112, '2019-03-17 03:29:18', '2019-04-01 12:55:49', '02:42:14', '2018-10-15 23:32:13', '2017-04-24 11:36:09');
INSERT INTO `SCHEDULE` (`SCHEDULE_ID`, `ORIGIN_ID`, `DESTINATION_ID`, `AMOUNT`, `DOW`, `START_DATE`, `END_DATE`, `TIME_OF_DAY`, `CREATE_DATE`, `UPDATE_DATE`) VALUES (41, 41, 75, 210405, 89, '2018-10-04 19:28:10', '2019-01-01 18:44:06', '07:24:14', '2019-03-16 19:54:25', '2019-02-18 09:04:25');
INSERT INTO `SCHEDULE` (`SCHEDULE_ID`, `ORIGIN_ID`, `DESTINATION_ID`, `AMOUNT`, `DOW`, `START_DATE`, `END_DATE`, `TIME_OF_DAY`, `CREATE_DATE`, `UPDATE_DATE`) VALUES (42, 42, 96, 3503, 81, '2018-11-27 04:01:56', '2019-05-26 10:49:01', '12:59:01', '2018-04-16 08:14:31', '2017-08-03 08:06:37');
INSERT INTO `SCHEDULE` (`SCHEDULE_ID`, `ORIGIN_ID`, `DESTINATION_ID`, `AMOUNT`, `DOW`, `START_DATE`, `END_DATE`, `TIME_OF_DAY`, `CREATE_DATE`, `UPDATE_DATE`) VALUES (43, 43, 92, 50975857, 79, '2018-11-08 12:28:05', '2018-12-28 09:57:26', '04:42:25', '2017-05-31 01:28:27', '2016-09-08 11:20:05');
INSERT INTO `SCHEDULE` (`SCHEDULE_ID`, `ORIGIN_ID`, `DESTINATION_ID`, `AMOUNT`, `DOW`, `START_DATE`, `END_DATE`, `TIME_OF_DAY`, `CREATE_DATE`, `UPDATE_DATE`) VALUES (44, 44, 91, 150, 8, '2019-06-06 14:04:52', '2018-06-09 17:10:57', '18:55:54', '2016-10-31 18:53:47', '2017-01-20 15:51:03');
INSERT INTO `SCHEDULE` (`SCHEDULE_ID`, `ORIGIN_ID`, `DESTINATION_ID`, `AMOUNT`, `DOW`, `START_DATE`, `END_DATE`, `TIME_OF_DAY`, `CREATE_DATE`, `UPDATE_DATE`) VALUES (45, 45, 62, 7141, 81, '2019-02-26 15:41:31', '2018-08-18 17:03:49', '01:28:36', '2018-11-13 21:37:39', '2018-10-18 11:51:07');
INSERT INTO `SCHEDULE` (`SCHEDULE_ID`, `ORIGIN_ID`, `DESTINATION_ID`, `AMOUNT`, `DOW`, `START_DATE`, `END_DATE`, `TIME_OF_DAY`, `CREATE_DATE`, `UPDATE_DATE`) VALUES (46, 46, 10, 1363616, 116, '2019-03-12 11:53:03', '2018-08-28 13:34:54', '05:35:54', '2018-02-12 01:44:45', '2018-03-19 04:16:13');
INSERT INTO `SCHEDULE` (`SCHEDULE_ID`, `ORIGIN_ID`, `DESTINATION_ID`, `AMOUNT`, `DOW`, `START_DATE`, `END_DATE`, `TIME_OF_DAY`, `CREATE_DATE`, `UPDATE_DATE`) VALUES (47, 47, 34, 44078034, 17, '2018-10-15 02:05:58', '2018-12-06 06:12:02', '23:35:42', '2016-09-22 14:58:27', '2018-06-09 08:17:06');
INSERT INTO `SCHEDULE` (`SCHEDULE_ID`, `ORIGIN_ID`, `DESTINATION_ID`, `AMOUNT`, `DOW`, `START_DATE`, `END_DATE`, `TIME_OF_DAY`, `CREATE_DATE`, `UPDATE_DATE`) VALUES (48, 48, 32, 25, 60, '2019-02-01 00:01:51', '2019-04-29 11:23:25', '14:45:41', '2018-09-19 22:57:53', '2018-12-26 01:44:10');
INSERT INTO `SCHEDULE` (`SCHEDULE_ID`, `ORIGIN_ID`, `DESTINATION_ID`, `AMOUNT`, `DOW`, `START_DATE`, `END_DATE`, `TIME_OF_DAY`, `CREATE_DATE`, `UPDATE_DATE`) VALUES (49, 49, 65, 20, 75, '2018-07-30 00:25:05', '2018-12-28 07:01:20', '02:56:26', '2018-11-09 18:01:30', '2016-11-16 06:42:48');
INSERT INTO `SCHEDULE` (`SCHEDULE_ID`, `ORIGIN_ID`, `DESTINATION_ID`, `AMOUNT`, `DOW`, `START_DATE`, `END_DATE`, `TIME_OF_DAY`, `CREATE_DATE`, `UPDATE_DATE`) VALUES (50, 50, 88, 673410, 50, '2018-10-16 12:01:41', '2019-05-02 02:44:05', '15:34:24', '2018-04-13 21:03:17', '2018-02-14 23:54:51');
INSERT INTO `SCHEDULE` (`SCHEDULE_ID`, `ORIGIN_ID`, `DESTINATION_ID`, `AMOUNT`, `DOW`, `START_DATE`, `END_DATE`, `TIME_OF_DAY`, `CREATE_DATE`, `UPDATE_DATE`) VALUES (51, 51, 30, 2872, 128, '2018-06-19 08:04:00', '2019-05-30 13:50:41', '00:22:54', '2018-03-27 13:33:53', '2016-07-28 18:19:32');
INSERT INTO `SCHEDULE` (`SCHEDULE_ID`, `ORIGIN_ID`, `DESTINATION_ID`, `AMOUNT`, `DOW`, `START_DATE`, `END_DATE`, `TIME_OF_DAY`, `CREATE_DATE`, `UPDATE_DATE`) VALUES (52, 52, 6, 17617, 77, '2018-07-28 04:19:06', '2019-05-05 13:07:16', '11:08:19', '2018-02-10 15:51:42', '2016-12-26 00:05:57');
INSERT INTO `SCHEDULE` (`SCHEDULE_ID`, `ORIGIN_ID`, `DESTINATION_ID`, `AMOUNT`, `DOW`, `START_DATE`, `END_DATE`, `TIME_OF_DAY`, `CREATE_DATE`, `UPDATE_DATE`) VALUES (53, 53, 46, 10933, 47, '2019-02-02 03:14:54', '2018-09-22 20:02:57', '19:57:15', '2018-08-03 02:19:59', '2018-09-04 18:04:08');
INSERT INTO `SCHEDULE` (`SCHEDULE_ID`, `ORIGIN_ID`, `DESTINATION_ID`, `AMOUNT`, `DOW`, `START_DATE`, `END_DATE`, `TIME_OF_DAY`, `CREATE_DATE`, `UPDATE_DATE`) VALUES (54, 54, 72, 0, 41, '2018-11-13 20:34:22', '2018-07-06 21:39:50', '09:04:48', '2019-04-03 09:29:50', '2018-04-29 18:34:12');
INSERT INTO `SCHEDULE` (`SCHEDULE_ID`, `ORIGIN_ID`, `DESTINATION_ID`, `AMOUNT`, `DOW`, `START_DATE`, `END_DATE`, `TIME_OF_DAY`, `CREATE_DATE`, `UPDATE_DATE`) VALUES (55, 55, 8, 10, 4, '2018-11-09 13:39:00', '2018-09-02 04:12:35', '19:34:46', '2018-11-29 09:19:53', '2016-07-01 16:03:18');
INSERT INTO `SCHEDULE` (`SCHEDULE_ID`, `ORIGIN_ID`, `DESTINATION_ID`, `AMOUNT`, `DOW`, `START_DATE`, `END_DATE`, `TIME_OF_DAY`, `CREATE_DATE`, `UPDATE_DATE`) VALUES (56, 56, 92, 3, 45, '2019-05-09 19:47:54', '2018-08-31 00:20:31', '05:26:41', '2016-09-04 18:06:28', '2017-10-07 23:26:58');
INSERT INTO `SCHEDULE` (`SCHEDULE_ID`, `ORIGIN_ID`, `DESTINATION_ID`, `AMOUNT`, `DOW`, `START_DATE`, `END_DATE`, `TIME_OF_DAY`, `CREATE_DATE`, `UPDATE_DATE`) VALUES (57, 57, 67, 23, 57, '2019-03-05 19:08:09', '2018-11-25 03:28:52', '05:39:51', '2018-08-31 21:11:40', '2017-07-14 06:32:10');
INSERT INTO `SCHEDULE` (`SCHEDULE_ID`, `ORIGIN_ID`, `DESTINATION_ID`, `AMOUNT`, `DOW`, `START_DATE`, `END_DATE`, `TIME_OF_DAY`, `CREATE_DATE`, `UPDATE_DATE`) VALUES (58, 58, 37, 59, 117, '2018-11-06 09:14:13', '2018-07-24 06:32:11', '00:14:18', '2017-01-13 08:17:32', '2019-04-12 19:09:15');
INSERT INTO `SCHEDULE` (`SCHEDULE_ID`, `ORIGIN_ID`, `DESTINATION_ID`, `AMOUNT`, `DOW`, `START_DATE`, `END_DATE`, `TIME_OF_DAY`, `CREATE_DATE`, `UPDATE_DATE`) VALUES (59, 59, 97, 8611, 60, '2018-12-10 05:40:45', '2019-03-28 20:32:18', '01:27:17', '2017-08-15 14:10:52', '2016-10-23 08:12:56');
INSERT INTO `SCHEDULE` (`SCHEDULE_ID`, `ORIGIN_ID`, `DESTINATION_ID`, `AMOUNT`, `DOW`, `START_DATE`, `END_DATE`, `TIME_OF_DAY`, `CREATE_DATE`, `UPDATE_DATE`) VALUES (60, 60, 5, 88726110, 97, '2018-12-19 00:08:41', '2018-10-25 12:59:50', '23:06:10', '2016-10-22 22:15:10', '2018-12-01 18:02:46');
INSERT INTO `SCHEDULE` (`SCHEDULE_ID`, `ORIGIN_ID`, `DESTINATION_ID`, `AMOUNT`, `DOW`, `START_DATE`, `END_DATE`, `TIME_OF_DAY`, `CREATE_DATE`, `UPDATE_DATE`) VALUES (61, 61, 34, 0, 37, '2018-06-10 09:58:03', '2018-10-20 16:38:56', '21:46:12', '2018-11-19 13:54:59', '2016-11-11 23:01:55');
INSERT INTO `SCHEDULE` (`SCHEDULE_ID`, `ORIGIN_ID`, `DESTINATION_ID`, `AMOUNT`, `DOW`, `START_DATE`, `END_DATE`, `TIME_OF_DAY`, `CREATE_DATE`, `UPDATE_DATE`) VALUES (62, 62, 83, 21118713, 5, '2018-08-23 04:31:32', '2018-09-20 01:49:21', '16:43:16', '2017-05-29 15:52:41', '2017-10-04 18:37:05');
INSERT INTO `SCHEDULE` (`SCHEDULE_ID`, `ORIGIN_ID`, `DESTINATION_ID`, `AMOUNT`, `DOW`, `START_DATE`, `END_DATE`, `TIME_OF_DAY`, `CREATE_DATE`, `UPDATE_DATE`) VALUES (63, 63, 93, 29294, 117, '2019-03-20 04:51:49', '2018-08-28 15:07:06', '21:52:36', '2017-06-03 16:31:27', '2019-05-28 05:52:34');
INSERT INTO `SCHEDULE` (`SCHEDULE_ID`, `ORIGIN_ID`, `DESTINATION_ID`, `AMOUNT`, `DOW`, `START_DATE`, `END_DATE`, `TIME_OF_DAY`, `CREATE_DATE`, `UPDATE_DATE`) VALUES (64, 64, 26, 399178215, 53, '2018-11-13 01:18:40', '2018-08-25 12:53:15', '10:39:00', '2016-11-20 23:17:55', '2018-11-23 18:24:45');
INSERT INTO `SCHEDULE` (`SCHEDULE_ID`, `ORIGIN_ID`, `DESTINATION_ID`, `AMOUNT`, `DOW`, `START_DATE`, `END_DATE`, `TIME_OF_DAY`, `CREATE_DATE`, `UPDATE_DATE`) VALUES (65, 65, 15, 76, 40, '2019-01-05 23:36:57', '2019-03-14 00:11:23', '07:35:30', '2018-06-15 10:42:45', '2017-10-24 20:33:24');
INSERT INTO `SCHEDULE` (`SCHEDULE_ID`, `ORIGIN_ID`, `DESTINATION_ID`, `AMOUNT`, `DOW`, `START_DATE`, `END_DATE`, `TIME_OF_DAY`, `CREATE_DATE`, `UPDATE_DATE`) VALUES (66, 66, 63, 103, 3, '2018-09-28 18:05:53', '2018-07-23 11:27:30', '13:22:43', '2016-12-14 18:37:12', '2017-04-27 20:09:25');
INSERT INTO `SCHEDULE` (`SCHEDULE_ID`, `ORIGIN_ID`, `DESTINATION_ID`, `AMOUNT`, `DOW`, `START_DATE`, `END_DATE`, `TIME_OF_DAY`, `CREATE_DATE`, `UPDATE_DATE`) VALUES (67, 67, 72, 2715, 102, '2019-01-18 10:22:52', '2018-11-18 23:04:36', '06:48:11', '2019-06-02 02:15:53', '2018-07-10 12:45:54');
INSERT INTO `SCHEDULE` (`SCHEDULE_ID`, `ORIGIN_ID`, `DESTINATION_ID`, `AMOUNT`, `DOW`, `START_DATE`, `END_DATE`, `TIME_OF_DAY`, `CREATE_DATE`, `UPDATE_DATE`) VALUES (68, 68, 100, 301030044, 33, '2019-04-24 23:41:01', '2018-12-31 02:25:30', '04:32:08', '2016-08-24 00:37:52', '2018-04-07 04:54:50');
INSERT INTO `SCHEDULE` (`SCHEDULE_ID`, `ORIGIN_ID`, `DESTINATION_ID`, `AMOUNT`, `DOW`, `START_DATE`, `END_DATE`, `TIME_OF_DAY`, `CREATE_DATE`, `UPDATE_DATE`) VALUES (69, 69, 9, 7506173, 30, '2019-02-25 23:34:53', '2018-12-12 15:34:51', '19:40:54', '2018-10-02 18:55:13', '2018-12-21 21:25:01');
INSERT INTO `SCHEDULE` (`SCHEDULE_ID`, `ORIGIN_ID`, `DESTINATION_ID`, `AMOUNT`, `DOW`, `START_DATE`, `END_DATE`, `TIME_OF_DAY`, `CREATE_DATE`, `UPDATE_DATE`) VALUES (70, 70, 23, 0, 95, '2019-05-27 07:21:42', '2018-12-03 04:55:29', '21:45:45', '2016-07-03 07:29:14', '2016-12-08 12:29:41');
INSERT INTO `SCHEDULE` (`SCHEDULE_ID`, `ORIGIN_ID`, `DESTINATION_ID`, `AMOUNT`, `DOW`, `START_DATE`, `END_DATE`, `TIME_OF_DAY`, `CREATE_DATE`, `UPDATE_DATE`) VALUES (71, 71, 38, 0, 66, '2019-05-22 04:33:16', '2018-08-01 11:22:21', '00:54:19', '2018-04-15 16:16:17', '2016-08-13 01:44:33');
INSERT INTO `SCHEDULE` (`SCHEDULE_ID`, `ORIGIN_ID`, `DESTINATION_ID`, `AMOUNT`, `DOW`, `START_DATE`, `END_DATE`, `TIME_OF_DAY`, `CREATE_DATE`, `UPDATE_DATE`) VALUES (72, 72, 52, 205165808, 73, '2019-04-26 04:00:29', '2018-11-12 23:57:03', '19:34:41', '2018-02-03 04:28:32', '2019-01-02 13:40:32');
INSERT INTO `SCHEDULE` (`SCHEDULE_ID`, `ORIGIN_ID`, `DESTINATION_ID`, `AMOUNT`, `DOW`, `START_DATE`, `END_DATE`, `TIME_OF_DAY`, `CREATE_DATE`, `UPDATE_DATE`) VALUES (73, 73, 1, 19163758, 10, '2018-09-18 22:30:58', '2018-10-29 03:09:15', '16:42:52', '2017-03-28 01:02:15', '2016-06-14 23:11:56');
INSERT INTO `SCHEDULE` (`SCHEDULE_ID`, `ORIGIN_ID`, `DESTINATION_ID`, `AMOUNT`, `DOW`, `START_DATE`, `END_DATE`, `TIME_OF_DAY`, `CREATE_DATE`, `UPDATE_DATE`) VALUES (74, 74, 54, 214, 1, '2018-08-16 09:00:19', '2018-07-08 10:59:21', '03:12:02', '2017-11-09 11:32:50', '2018-09-15 11:48:19');
INSERT INTO `SCHEDULE` (`SCHEDULE_ID`, `ORIGIN_ID`, `DESTINATION_ID`, `AMOUNT`, `DOW`, `START_DATE`, `END_DATE`, `TIME_OF_DAY`, `CREATE_DATE`, `UPDATE_DATE`) VALUES (75, 75, 64, 13, 67, '2019-05-10 12:56:49', '2019-03-08 22:50:37', '20:46:17', '2017-09-21 00:35:37', '2018-08-26 15:15:19');
INSERT INTO `SCHEDULE` (`SCHEDULE_ID`, `ORIGIN_ID`, `DESTINATION_ID`, `AMOUNT`, `DOW`, `START_DATE`, `END_DATE`, `TIME_OF_DAY`, `CREATE_DATE`, `UPDATE_DATE`) VALUES (76, 76, 95, 0, 75, '2019-02-19 16:50:45', '2018-10-29 20:43:35', '21:52:01', '2018-08-09 10:20:00', '2018-07-26 20:46:25');
INSERT INTO `SCHEDULE` (`SCHEDULE_ID`, `ORIGIN_ID`, `DESTINATION_ID`, `AMOUNT`, `DOW`, `START_DATE`, `END_DATE`, `TIME_OF_DAY`, `CREATE_DATE`, `UPDATE_DATE`) VALUES (77, 77, 79, 46614720, 53, '2019-01-09 05:38:27', '2018-07-13 15:50:17', '19:06:40', '2017-02-09 17:57:29', '2017-09-22 04:37:16');
INSERT INTO `SCHEDULE` (`SCHEDULE_ID`, `ORIGIN_ID`, `DESTINATION_ID`, `AMOUNT`, `DOW`, `START_DATE`, `END_DATE`, `TIME_OF_DAY`, `CREATE_DATE`, `UPDATE_DATE`) VALUES (78, 78, 80, 7, 27, '2018-06-30 03:48:39', '2019-03-25 21:56:25', '02:10:41', '2019-02-11 07:23:07', '2018-12-17 13:58:24');
INSERT INTO `SCHEDULE` (`SCHEDULE_ID`, `ORIGIN_ID`, `DESTINATION_ID`, `AMOUNT`, `DOW`, `START_DATE`, `END_DATE`, `TIME_OF_DAY`, `CREATE_DATE`, `UPDATE_DATE`) VALUES (79, 79, 44, 33450, 124, '2018-10-01 16:40:04', '2019-02-23 09:35:00', '11:02:55', '2018-02-05 21:11:17', '2016-07-19 09:23:29');
INSERT INTO `SCHEDULE` (`SCHEDULE_ID`, `ORIGIN_ID`, `DESTINATION_ID`, `AMOUNT`, `DOW`, `START_DATE`, `END_DATE`, `TIME_OF_DAY`, `CREATE_DATE`, `UPDATE_DATE`) VALUES (80, 80, 11, 30497715, 67, '2018-06-15 01:45:54', '2018-07-24 01:46:50', '07:22:10', '2016-09-14 00:59:07', '2018-12-07 09:24:11');
INSERT INTO `SCHEDULE` (`SCHEDULE_ID`, `ORIGIN_ID`, `DESTINATION_ID`, `AMOUNT`, `DOW`, `START_DATE`, `END_DATE`, `TIME_OF_DAY`, `CREATE_DATE`, `UPDATE_DATE`) VALUES (81, 81, 78, 10371817, 118, '2019-04-27 07:43:11', '2018-10-20 23:32:23', '04:42:19', '2018-11-27 03:22:53', '2018-10-07 03:12:49');
INSERT INTO `SCHEDULE` (`SCHEDULE_ID`, `ORIGIN_ID`, `DESTINATION_ID`, `AMOUNT`, `DOW`, `START_DATE`, `END_DATE`, `TIME_OF_DAY`, `CREATE_DATE`, `UPDATE_DATE`) VALUES (82, 82, 1, 0, 65, '2019-05-09 18:36:42', '2018-10-22 20:31:15', '07:58:48', '2017-11-30 00:31:41', '2018-04-08 02:34:29');
INSERT INTO `SCHEDULE` (`SCHEDULE_ID`, `ORIGIN_ID`, `DESTINATION_ID`, `AMOUNT`, `DOW`, `START_DATE`, `END_DATE`, `TIME_OF_DAY`, `CREATE_DATE`, `UPDATE_DATE`) VALUES (83, 83, 75, 0, 107, '2018-10-07 17:43:26', '2018-11-01 17:28:27', '01:43:51', '2016-11-15 01:23:30', '2018-11-07 07:02:57');
INSERT INTO `SCHEDULE` (`SCHEDULE_ID`, `ORIGIN_ID`, `DESTINATION_ID`, `AMOUNT`, `DOW`, `START_DATE`, `END_DATE`, `TIME_OF_DAY`, `CREATE_DATE`, `UPDATE_DATE`) VALUES (84, 84, 81, 38815, 70, '2018-12-31 05:24:58', '2019-06-01 05:01:08', '23:47:32', '2018-03-07 02:26:07', '2017-01-24 22:11:41');
INSERT INTO `SCHEDULE` (`SCHEDULE_ID`, `ORIGIN_ID`, `DESTINATION_ID`, `AMOUNT`, `DOW`, `START_DATE`, `END_DATE`, `TIME_OF_DAY`, `CREATE_DATE`, `UPDATE_DATE`) VALUES (85, 85, 66, 20, 120, '2018-11-19 17:13:30', '2018-08-27 20:32:26', '22:16:40', '2018-11-03 11:15:09', '2018-11-27 23:05:02');
INSERT INTO `SCHEDULE` (`SCHEDULE_ID`, `ORIGIN_ID`, `DESTINATION_ID`, `AMOUNT`, `DOW`, `START_DATE`, `END_DATE`, `TIME_OF_DAY`, `CREATE_DATE`, `UPDATE_DATE`) VALUES (86, 86, 69, 64224, 114, '2018-08-01 19:40:00', '2018-08-10 09:44:05', '23:36:13', '2019-03-03 19:34:02', '2019-01-15 16:15:16');
INSERT INTO `SCHEDULE` (`SCHEDULE_ID`, `ORIGIN_ID`, `DESTINATION_ID`, `AMOUNT`, `DOW`, `START_DATE`, `END_DATE`, `TIME_OF_DAY`, `CREATE_DATE`, `UPDATE_DATE`) VALUES (87, 87, 100, 4885806, 82, '2018-10-30 15:54:13', '2019-06-05 08:44:41', '03:19:29', '2018-07-22 14:03:32', '2017-02-07 18:21:10');
INSERT INTO `SCHEDULE` (`SCHEDULE_ID`, `ORIGIN_ID`, `DESTINATION_ID`, `AMOUNT`, `DOW`, `START_DATE`, `END_DATE`, `TIME_OF_DAY`, `CREATE_DATE`, `UPDATE_DATE`) VALUES (88, 88, 36, 4369791, 78, '2019-05-17 03:50:34', '2018-12-25 20:08:20', '09:56:38', '2017-05-06 23:31:20', '2018-02-26 10:05:41');
INSERT INTO `SCHEDULE` (`SCHEDULE_ID`, `ORIGIN_ID`, `DESTINATION_ID`, `AMOUNT`, `DOW`, `START_DATE`, `END_DATE`, `TIME_OF_DAY`, `CREATE_DATE`, `UPDATE_DATE`) VALUES (89, 89, 26, 2, 64, '2018-06-24 10:26:12', '2019-06-01 15:11:47', '22:55:38', '2017-03-02 12:02:06', '2017-03-28 14:20:20');
INSERT INTO `SCHEDULE` (`SCHEDULE_ID`, `ORIGIN_ID`, `DESTINATION_ID`, `AMOUNT`, `DOW`, `START_DATE`, `END_DATE`, `TIME_OF_DAY`, `CREATE_DATE`, `UPDATE_DATE`) VALUES (90, 90, 87, 0, 32, '2018-10-21 04:50:11', '2018-06-24 05:43:40', '06:30:18', '2017-07-16 19:40:24', '2017-05-06 06:00:02');
INSERT INTO `SCHEDULE` (`SCHEDULE_ID`, `ORIGIN_ID`, `DESTINATION_ID`, `AMOUNT`, `DOW`, `START_DATE`, `END_DATE`, `TIME_OF_DAY`, `CREATE_DATE`, `UPDATE_DATE`) VALUES (91, 91, 73, 36339, 32, '2019-04-14 07:18:36', '2018-07-11 13:19:18', '23:19:27', '2019-03-29 05:32:32', '2019-01-13 02:29:29');
INSERT INTO `SCHEDULE` (`SCHEDULE_ID`, `ORIGIN_ID`, `DESTINATION_ID`, `AMOUNT`, `DOW`, `START_DATE`, `END_DATE`, `TIME_OF_DAY`, `CREATE_DATE`, `UPDATE_DATE`) VALUES (92, 92, 18, 0, 85, '2019-04-17 12:36:50', '2019-04-05 05:34:21', '21:40:24', '2019-01-22 12:17:08', '2017-08-22 06:19:39');
INSERT INTO `SCHEDULE` (`SCHEDULE_ID`, `ORIGIN_ID`, `DESTINATION_ID`, `AMOUNT`, `DOW`, `START_DATE`, `END_DATE`, `TIME_OF_DAY`, `CREATE_DATE`, `UPDATE_DATE`) VALUES (93, 93, 15, 6, 14, '2018-10-12 10:57:31', '2018-12-25 15:07:51', '13:34:23', '2018-05-06 18:20:19', '2017-10-15 00:43:34');
INSERT INTO `SCHEDULE` (`SCHEDULE_ID`, `ORIGIN_ID`, `DESTINATION_ID`, `AMOUNT`, `DOW`, `START_DATE`, `END_DATE`, `TIME_OF_DAY`, `CREATE_DATE`, `UPDATE_DATE`) VALUES (94, 94, 42, 0, 29, '2018-11-03 11:12:29', '2019-04-22 07:59:27', '22:56:10', '2016-07-18 04:23:29', '2017-07-12 09:14:18');
INSERT INTO `SCHEDULE` (`SCHEDULE_ID`, `ORIGIN_ID`, `DESTINATION_ID`, `AMOUNT`, `DOW`, `START_DATE`, `END_DATE`, `TIME_OF_DAY`, `CREATE_DATE`, `UPDATE_DATE`) VALUES (95, 95, 21, 43, 57, '2019-05-14 00:23:15', '2018-11-11 22:29:58', '13:21:37', '2018-10-21 09:35:25', '2017-08-25 15:12:19');
INSERT INTO `SCHEDULE` (`SCHEDULE_ID`, `ORIGIN_ID`, `DESTINATION_ID`, `AMOUNT`, `DOW`, `START_DATE`, `END_DATE`, `TIME_OF_DAY`, `CREATE_DATE`, `UPDATE_DATE`) VALUES (96, 96, 55, 29, 19, '2019-03-07 19:32:15', '2019-06-04 23:51:03', '09:48:06', '2019-01-15 05:53:50', '2019-01-21 10:18:37');
INSERT INTO `SCHEDULE` (`SCHEDULE_ID`, `ORIGIN_ID`, `DESTINATION_ID`, `AMOUNT`, `DOW`, `START_DATE`, `END_DATE`, `TIME_OF_DAY`, `CREATE_DATE`, `UPDATE_DATE`) VALUES (97, 97, 14, 54936349, 2, '2018-08-27 12:59:26', '2019-04-20 03:19:19', '18:08:47', '2019-05-27 02:58:10', '2018-07-10 09:36:14');
INSERT INTO `SCHEDULE` (`SCHEDULE_ID`, `ORIGIN_ID`, `DESTINATION_ID`, `AMOUNT`, `DOW`, `START_DATE`, `END_DATE`, `TIME_OF_DAY`, `CREATE_DATE`, `UPDATE_DATE`) VALUES (98, 98, 17, 4, 66, '2019-04-07 20:44:39', '2018-07-28 11:17:47', '00:57:07', '2016-12-14 08:35:32', '2017-04-16 15:35:27');
INSERT INTO `SCHEDULE` (`SCHEDULE_ID`, `ORIGIN_ID`, `DESTINATION_ID`, `AMOUNT`, `DOW`, `START_DATE`, `END_DATE`, `TIME_OF_DAY`, `CREATE_DATE`, `UPDATE_DATE`) VALUES (99, 99, 10, 12626, 9, '2019-01-07 14:45:17', '2019-03-02 22:02:59', '03:51:08', '2016-10-26 07:33:03', '2018-07-05 03:09:02');
INSERT INTO `SCHEDULE` (`SCHEDULE_ID`, `ORIGIN_ID`, `DESTINATION_ID`, `AMOUNT`, `DOW`, `START_DATE`, `END_DATE`, `TIME_OF_DAY`, `CREATE_DATE`, `UPDATE_DATE`) VALUES (100, 100, 39, 2840383, 57, '2019-05-12 05:03:32', '2018-09-25 13:03:59', '17:07:20', '2016-10-04 07:37:52', '2018-01-17 12:42:02');





INSERT INTO `RIDE` (`RIDE_ID`, `CAR_ID`, `SCHEDULE_ID`, `DRIVER_ID`, `RIDER_ID`, `START_TIME`, `END_TIME`, `ESTIMATED_COST`, `CREATE_DATE`, `UPDATE_DATE`) VALUES (1, 1, 1, 1, 1, '2019-05-27 21:40:44', '2019-05-27 18:48:54', '46.32', '2016-11-20 04:57:37', '2019-02-03 07:07:47');
INSERT INTO `RIDE` (`RIDE_ID`, `CAR_ID`, `SCHEDULE_ID`, `DRIVER_ID`, `RIDER_ID`, `START_TIME`, `END_TIME`, `ESTIMATED_COST`, `CREATE_DATE`, `UPDATE_DATE`) VALUES (2, 2, 2, 2, 2, '2019-05-26 21:49:02', '2019-05-20 23:11:22', '84.72', '2016-09-01 12:01:39', '2017-01-09 10:12:54');
INSERT INTO `RIDE` (`RIDE_ID`, `CAR_ID`, `SCHEDULE_ID`, `DRIVER_ID`, `RIDER_ID`, `START_TIME`, `END_TIME`, `ESTIMATED_COST`, `CREATE_DATE`, `UPDATE_DATE`) VALUES (3, 3, 3, 3, 3, '2019-06-05 02:11:21', '2019-05-29 10:06:35', '69.29', '2018-03-20 07:28:26', '2016-10-30 05:41:41');
INSERT INTO `RIDE` (`RIDE_ID`, `CAR_ID`, `SCHEDULE_ID`, `DRIVER_ID`, `RIDER_ID`, `START_TIME`, `END_TIME`, `ESTIMATED_COST`, `CREATE_DATE`, `UPDATE_DATE`) VALUES (4, 4, 4, 4, 4, '2019-05-13 09:18:11', '2019-05-30 15:02:24', '75.88', '2016-06-11 05:56:36', '2018-03-25 01:18:11');
INSERT INTO `RIDE` (`RIDE_ID`, `CAR_ID`, `SCHEDULE_ID`, `DRIVER_ID`, `RIDER_ID`, `START_TIME`, `END_TIME`, `ESTIMATED_COST`, `CREATE_DATE`, `UPDATE_DATE`) VALUES (5, 5, 5, 5, 5, '2019-06-01 23:00:48', '2019-05-14 22:17:51', '82.84', '2016-07-02 03:16:32', '2019-05-05 22:28:12');
INSERT INTO `RIDE` (`RIDE_ID`, `CAR_ID`, `SCHEDULE_ID`, `DRIVER_ID`, `RIDER_ID`, `START_TIME`, `END_TIME`, `ESTIMATED_COST`, `CREATE_DATE`, `UPDATE_DATE`) VALUES (6, 6, 6, 6, 6, '2019-05-11 15:30:26', '2019-05-25 04:20:56', '75.19', '2018-06-15 14:16:49', '2017-04-14 01:25:02');
INSERT INTO `RIDE` (`RIDE_ID`, `CAR_ID`, `SCHEDULE_ID`, `DRIVER_ID`, `RIDER_ID`, `START_TIME`, `END_TIME`, `ESTIMATED_COST`, `CREATE_DATE`, `UPDATE_DATE`) VALUES (7, 7, 7, 7, 7, '2019-05-16 09:37:40', '2019-05-11 11:41:34', '69.25', '2018-06-15 13:25:50', '2018-05-01 04:28:27');
INSERT INTO `RIDE` (`RIDE_ID`, `CAR_ID`, `SCHEDULE_ID`, `DRIVER_ID`, `RIDER_ID`, `START_TIME`, `END_TIME`, `ESTIMATED_COST`, `CREATE_DATE`, `UPDATE_DATE`) VALUES (8, 8, 8, 8, 8, '2019-05-13 23:48:39', '2019-06-05 12:45:37', '76.79', '2019-05-18 11:13:34', '2017-08-17 05:21:50');
INSERT INTO `RIDE` (`RIDE_ID`, `CAR_ID`, `SCHEDULE_ID`, `DRIVER_ID`, `RIDER_ID`, `START_TIME`, `END_TIME`, `ESTIMATED_COST`, `CREATE_DATE`, `UPDATE_DATE`) VALUES (9, 9, 9, 9, 9, '2019-05-23 14:01:59', '2019-05-10 10:09:47', '56.11', '2016-11-22 03:51:26', '2018-07-20 20:01:01');
INSERT INTO `RIDE` (`RIDE_ID`, `CAR_ID`, `SCHEDULE_ID`, `DRIVER_ID`, `RIDER_ID`, `START_TIME`, `END_TIME`, `ESTIMATED_COST`, `CREATE_DATE`, `UPDATE_DATE`) VALUES (10, 10, 10, 10, 10, '2019-05-13 01:42:57', '2019-06-05 02:54:17', '51.38', '2019-02-01 08:39:07', '2018-01-30 18:11:29');
INSERT INTO `RIDE` (`RIDE_ID`, `CAR_ID`, `SCHEDULE_ID`, `DRIVER_ID`, `RIDER_ID`, `START_TIME`, `END_TIME`, `ESTIMATED_COST`, `CREATE_DATE`, `UPDATE_DATE`) VALUES (11, 11, 11, 11, 11, '2019-05-20 02:44:41', '2019-05-11 21:39:39', '36.69', '2018-09-14 16:43:53', '2017-09-18 18:03:25');
INSERT INTO `RIDE` (`RIDE_ID`, `CAR_ID`, `SCHEDULE_ID`, `DRIVER_ID`, `RIDER_ID`, `START_TIME`, `END_TIME`, `ESTIMATED_COST`, `CREATE_DATE`, `UPDATE_DATE`) VALUES (12, 12, 12, 12, 12, '2019-05-09 08:59:21', '2019-05-18 10:54:45', '23.4', '2016-10-11 19:54:02', '2018-10-05 01:00:11');
INSERT INTO `RIDE` (`RIDE_ID`, `CAR_ID`, `SCHEDULE_ID`, `DRIVER_ID`, `RIDER_ID`, `START_TIME`, `END_TIME`, `ESTIMATED_COST`, `CREATE_DATE`, `UPDATE_DATE`) VALUES (13, 13, 13, 13, 13, '2019-05-27 16:53:55', '2019-05-19 02:43:44', '36.03', '2018-08-18 22:47:10', '2017-05-16 03:59:45');
INSERT INTO `RIDE` (`RIDE_ID`, `CAR_ID`, `SCHEDULE_ID`, `DRIVER_ID`, `RIDER_ID`, `START_TIME`, `END_TIME`, `ESTIMATED_COST`, `CREATE_DATE`, `UPDATE_DATE`) VALUES (14, 14, 14, 14, 14, '2019-06-02 00:09:10', '2019-05-28 18:33:04', '38.59', '2018-02-23 07:20:34', '2016-11-06 16:37:59');
INSERT INTO `RIDE` (`RIDE_ID`, `CAR_ID`, `SCHEDULE_ID`, `DRIVER_ID`, `RIDER_ID`, `START_TIME`, `END_TIME`, `ESTIMATED_COST`, `CREATE_DATE`, `UPDATE_DATE`) VALUES (15, 15, 15, 15, 15, '2019-05-20 20:41:02', '2019-05-16 05:41:41', '93.99', '2016-10-19 17:35:09', '2019-05-12 07:45:04');
INSERT INTO `RIDE` (`RIDE_ID`, `CAR_ID`, `SCHEDULE_ID`, `DRIVER_ID`, `RIDER_ID`, `START_TIME`, `END_TIME`, `ESTIMATED_COST`, `CREATE_DATE`, `UPDATE_DATE`) VALUES (16, 16, 16, 16, 16, '2019-05-13 15:58:22', '2019-05-14 14:03:56', '59.94', '2017-07-07 13:25:12', '2016-09-16 18:45:49');
INSERT INTO `RIDE` (`RIDE_ID`, `CAR_ID`, `SCHEDULE_ID`, `DRIVER_ID`, `RIDER_ID`, `START_TIME`, `END_TIME`, `ESTIMATED_COST`, `CREATE_DATE`, `UPDATE_DATE`) VALUES (17, 17, 17, 17, 17, '2019-05-15 18:58:40', '2019-05-22 14:37:12', '98.91', '2017-06-02 09:28:15', '2016-10-12 01:54:42');
INSERT INTO `RIDE` (`RIDE_ID`, `CAR_ID`, `SCHEDULE_ID`, `DRIVER_ID`, `RIDER_ID`, `START_TIME`, `END_TIME`, `ESTIMATED_COST`, `CREATE_DATE`, `UPDATE_DATE`) VALUES (18, 18, 18, 18, 18, '2019-06-03 03:33:35', '2019-06-07 06:54:46', '37.31', '2016-10-19 17:02:15', '2016-10-22 19:33:34');
INSERT INTO `RIDE` (`RIDE_ID`, `CAR_ID`, `SCHEDULE_ID`, `DRIVER_ID`, `RIDER_ID`, `START_TIME`, `END_TIME`, `ESTIMATED_COST`, `CREATE_DATE`, `UPDATE_DATE`) VALUES (19, 19, 19, 19, 19, '2019-05-12 12:28:11', '2019-05-16 15:08:00', '83.79', '2018-03-14 05:31:12', '2018-08-21 03:49:04');
INSERT INTO `RIDE` (`RIDE_ID`, `CAR_ID`, `SCHEDULE_ID`, `DRIVER_ID`, `RIDER_ID`, `START_TIME`, `END_TIME`, `ESTIMATED_COST`, `CREATE_DATE`, `UPDATE_DATE`) VALUES (20, 20, 20, 20, 20, '2019-05-11 17:06:51', '2019-05-29 08:12:53', '95.74', '2016-06-28 10:22:31', '2017-02-16 03:44:32');
INSERT INTO `RIDE` (`RIDE_ID`, `CAR_ID`, `SCHEDULE_ID`, `DRIVER_ID`, `RIDER_ID`, `START_TIME`, `END_TIME`, `ESTIMATED_COST`, `CREATE_DATE`, `UPDATE_DATE`) VALUES (21, 21, 21, 21, 21, '2019-05-20 18:25:03', '2019-06-04 11:45:25', '31.52', '2016-10-16 20:57:59', '2017-09-27 01:59:43');
INSERT INTO `RIDE` (`RIDE_ID`, `CAR_ID`, `SCHEDULE_ID`, `DRIVER_ID`, `RIDER_ID`, `START_TIME`, `END_TIME`, `ESTIMATED_COST`, `CREATE_DATE`, `UPDATE_DATE`) VALUES (22, 22, 22, 22, 22, '2019-05-31 04:39:40', '2019-05-30 17:59:38', '62.2', '2018-05-02 05:49:20', '2019-05-27 01:14:36');
INSERT INTO `RIDE` (`RIDE_ID`, `CAR_ID`, `SCHEDULE_ID`, `DRIVER_ID`, `RIDER_ID`, `START_TIME`, `END_TIME`, `ESTIMATED_COST`, `CREATE_DATE`, `UPDATE_DATE`) VALUES (23, 23, 23, 23, 23, '2019-05-27 09:32:45', '2019-06-07 08:46:03', '9.39', '2017-11-09 21:02:45', '2016-08-02 09:13:05');
INSERT INTO `RIDE` (`RIDE_ID`, `CAR_ID`, `SCHEDULE_ID`, `DRIVER_ID`, `RIDER_ID`, `START_TIME`, `END_TIME`, `ESTIMATED_COST`, `CREATE_DATE`, `UPDATE_DATE`) VALUES (24, 24, 24, 24, 24, '2019-06-07 02:56:18', '2019-05-20 14:49:20', '22.77', '2018-06-28 18:35:17', '2019-02-24 12:21:12');
INSERT INTO `RIDE` (`RIDE_ID`, `CAR_ID`, `SCHEDULE_ID`, `DRIVER_ID`, `RIDER_ID`, `START_TIME`, `END_TIME`, `ESTIMATED_COST`, `CREATE_DATE`, `UPDATE_DATE`) VALUES (25, 25, 25, 25, 25, '2019-05-12 16:52:38', '2019-05-22 20:56:50', '15.01', '2019-05-23 21:46:38', '2019-04-10 21:25:59');
INSERT INTO `RIDE` (`RIDE_ID`, `CAR_ID`, `SCHEDULE_ID`, `DRIVER_ID`, `RIDER_ID`, `START_TIME`, `END_TIME`, `ESTIMATED_COST`, `CREATE_DATE`, `UPDATE_DATE`) VALUES (26, 26, 26, 26, 26, '2019-05-13 00:36:35', '2019-05-29 14:24:46', '78.46', '2018-03-20 12:37:16', '2018-11-14 18:47:51');
INSERT INTO `RIDE` (`RIDE_ID`, `CAR_ID`, `SCHEDULE_ID`, `DRIVER_ID`, `RIDER_ID`, `START_TIME`, `END_TIME`, `ESTIMATED_COST`, `CREATE_DATE`, `UPDATE_DATE`) VALUES (27, 27, 27, 27, 27, '2019-05-27 05:24:35', '2019-06-04 18:10:44', '94.25', '2018-05-04 11:20:32', '2016-10-02 03:15:48');
INSERT INTO `RIDE` (`RIDE_ID`, `CAR_ID`, `SCHEDULE_ID`, `DRIVER_ID`, `RIDER_ID`, `START_TIME`, `END_TIME`, `ESTIMATED_COST`, `CREATE_DATE`, `UPDATE_DATE`) VALUES (28, 28, 28, 28, 28, '2019-05-31 18:07:28', '2019-05-09 22:48:46', '29.15', '2016-07-30 21:47:11', '2018-05-26 00:59:30');
INSERT INTO `RIDE` (`RIDE_ID`, `CAR_ID`, `SCHEDULE_ID`, `DRIVER_ID`, `RIDER_ID`, `START_TIME`, `END_TIME`, `ESTIMATED_COST`, `CREATE_DATE`, `UPDATE_DATE`) VALUES (29, 29, 29, 29, 29, '2019-05-22 23:22:12', '2019-06-05 21:23:39', '98', '2017-02-16 05:45:02', '2018-02-25 03:03:36');
INSERT INTO `RIDE` (`RIDE_ID`, `CAR_ID`, `SCHEDULE_ID`, `DRIVER_ID`, `RIDER_ID`, `START_TIME`, `END_TIME`, `ESTIMATED_COST`, `CREATE_DATE`, `UPDATE_DATE`) VALUES (30, 30, 30, 30, 30, '2019-06-02 02:14:21', '2019-05-20 11:23:02', '41.78', '2017-09-04 16:45:06', '2018-11-04 02:01:19');
INSERT INTO `RIDE` (`RIDE_ID`, `CAR_ID`, `SCHEDULE_ID`, `DRIVER_ID`, `RIDER_ID`, `START_TIME`, `END_TIME`, `ESTIMATED_COST`, `CREATE_DATE`, `UPDATE_DATE`) VALUES (31, 31, 31, 31, 31, '2019-05-29 07:52:06', '2019-05-13 12:27:52', '94.6', '2018-01-29 13:31:42', '2018-01-08 05:22:11');
INSERT INTO `RIDE` (`RIDE_ID`, `CAR_ID`, `SCHEDULE_ID`, `DRIVER_ID`, `RIDER_ID`, `START_TIME`, `END_TIME`, `ESTIMATED_COST`, `CREATE_DATE`, `UPDATE_DATE`) VALUES (32, 32, 32, 32, 32, '2019-05-10 23:43:34', '2019-06-06 08:52:31', '49.87', '2018-09-20 10:51:26', '2019-01-24 01:26:04');
INSERT INTO `RIDE` (`RIDE_ID`, `CAR_ID`, `SCHEDULE_ID`, `DRIVER_ID`, `RIDER_ID`, `START_TIME`, `END_TIME`, `ESTIMATED_COST`, `CREATE_DATE`, `UPDATE_DATE`) VALUES (33, 33, 33, 33, 33, '2019-05-29 08:09:09', '2019-05-24 06:54:39', '59.31', '2017-02-19 01:25:44', '2016-09-04 06:25:00');
INSERT INTO `RIDE` (`RIDE_ID`, `CAR_ID`, `SCHEDULE_ID`, `DRIVER_ID`, `RIDER_ID`, `START_TIME`, `END_TIME`, `ESTIMATED_COST`, `CREATE_DATE`, `UPDATE_DATE`) VALUES (34, 34, 34, 34, 34, '2019-06-02 18:46:52', '2019-05-26 17:15:03', '58.7', '2017-05-06 13:56:11', '2016-12-09 15:41:17');
INSERT INTO `RIDE` (`RIDE_ID`, `CAR_ID`, `SCHEDULE_ID`, `DRIVER_ID`, `RIDER_ID`, `START_TIME`, `END_TIME`, `ESTIMATED_COST`, `CREATE_DATE`, `UPDATE_DATE`) VALUES (35, 35, 35, 35, 35, '2019-06-03 00:44:45', '2019-05-31 03:26:39', '36.24', '2016-06-20 16:05:56', '2019-04-29 22:50:16');
INSERT INTO `RIDE` (`RIDE_ID`, `CAR_ID`, `SCHEDULE_ID`, `DRIVER_ID`, `RIDER_ID`, `START_TIME`, `END_TIME`, `ESTIMATED_COST`, `CREATE_DATE`, `UPDATE_DATE`) VALUES (36, 36, 36, 36, 36, '2019-05-23 14:07:36', '2019-05-13 10:05:50', '68.24', '2017-06-21 05:20:18', '2019-03-28 21:51:04');
INSERT INTO `RIDE` (`RIDE_ID`, `CAR_ID`, `SCHEDULE_ID`, `DRIVER_ID`, `RIDER_ID`, `START_TIME`, `END_TIME`, `ESTIMATED_COST`, `CREATE_DATE`, `UPDATE_DATE`) VALUES (37, 37, 37, 37, 37, '2019-05-11 00:11:10', '2019-05-13 19:22:42', '65.15', '2018-04-24 02:30:56', '2017-01-26 01:40:15');
INSERT INTO `RIDE` (`RIDE_ID`, `CAR_ID`, `SCHEDULE_ID`, `DRIVER_ID`, `RIDER_ID`, `START_TIME`, `END_TIME`, `ESTIMATED_COST`, `CREATE_DATE`, `UPDATE_DATE`) VALUES (38, 38, 38, 38, 38, '2019-05-24 12:03:07', '2019-05-28 13:27:35', '95.27', '2017-01-07 09:28:27', '2017-01-12 05:36:31');
INSERT INTO `RIDE` (`RIDE_ID`, `CAR_ID`, `SCHEDULE_ID`, `DRIVER_ID`, `RIDER_ID`, `START_TIME`, `END_TIME`, `ESTIMATED_COST`, `CREATE_DATE`, `UPDATE_DATE`) VALUES (39, 39, 39, 39, 39, '2019-05-12 11:13:31', '2019-06-07 05:37:10', '21.32', '2016-06-25 06:35:53', '2018-01-24 04:17:21');
INSERT INTO `RIDE` (`RIDE_ID`, `CAR_ID`, `SCHEDULE_ID`, `DRIVER_ID`, `RIDER_ID`, `START_TIME`, `END_TIME`, `ESTIMATED_COST`, `CREATE_DATE`, `UPDATE_DATE`) VALUES (40, 40, 40, 40, 40, '2019-05-20 07:34:26', '2019-06-04 00:09:39', '48.24', '2016-12-12 09:20:28', '2017-10-20 18:06:47');
INSERT INTO `RIDE` (`RIDE_ID`, `CAR_ID`, `SCHEDULE_ID`, `DRIVER_ID`, `RIDER_ID`, `START_TIME`, `END_TIME`, `ESTIMATED_COST`, `CREATE_DATE`, `UPDATE_DATE`) VALUES (41, 41, 41, 41, 41, '2019-05-11 20:43:24', '2019-06-06 11:00:30', '14.44', '2019-03-02 12:25:08', '2017-07-18 22:04:53');
INSERT INTO `RIDE` (`RIDE_ID`, `CAR_ID`, `SCHEDULE_ID`, `DRIVER_ID`, `RIDER_ID`, `START_TIME`, `END_TIME`, `ESTIMATED_COST`, `CREATE_DATE`, `UPDATE_DATE`) VALUES (42, 42, 42, 42, 42, '2019-06-06 12:23:50', '2019-05-31 14:42:03', '3.12', '2017-11-08 18:26:45', '2017-10-17 11:36:48');
INSERT INTO `RIDE` (`RIDE_ID`, `CAR_ID`, `SCHEDULE_ID`, `DRIVER_ID`, `RIDER_ID`, `START_TIME`, `END_TIME`, `ESTIMATED_COST`, `CREATE_DATE`, `UPDATE_DATE`) VALUES (43, 43, 43, 43, 43, '2019-06-03 07:13:37', '2019-05-20 08:51:43', '71.34', '2016-06-10 09:27:56', '2016-10-21 08:15:09');
INSERT INTO `RIDE` (`RIDE_ID`, `CAR_ID`, `SCHEDULE_ID`, `DRIVER_ID`, `RIDER_ID`, `START_TIME`, `END_TIME`, `ESTIMATED_COST`, `CREATE_DATE`, `UPDATE_DATE`) VALUES (44, 44, 44, 44, 44, '2019-05-10 06:27:14', '2019-05-16 15:23:57', '91.19', '2018-07-09 09:45:49', '2017-10-29 03:55:46');
INSERT INTO `RIDE` (`RIDE_ID`, `CAR_ID`, `SCHEDULE_ID`, `DRIVER_ID`, `RIDER_ID`, `START_TIME`, `END_TIME`, `ESTIMATED_COST`, `CREATE_DATE`, `UPDATE_DATE`) VALUES (45, 45, 45, 45, 45, '2019-05-09 05:48:14', '2019-06-08 08:04:25', '34.03', '2016-12-19 05:51:15', '2016-07-11 21:47:21');
INSERT INTO `RIDE` (`RIDE_ID`, `CAR_ID`, `SCHEDULE_ID`, `DRIVER_ID`, `RIDER_ID`, `START_TIME`, `END_TIME`, `ESTIMATED_COST`, `CREATE_DATE`, `UPDATE_DATE`) VALUES (46, 46, 46, 46, 46, '2019-05-12 13:55:17', '2019-06-03 04:58:29', '25.61', '2017-08-27 04:35:43', '2019-04-08 05:20:26');
INSERT INTO `RIDE` (`RIDE_ID`, `CAR_ID`, `SCHEDULE_ID`, `DRIVER_ID`, `RIDER_ID`, `START_TIME`, `END_TIME`, `ESTIMATED_COST`, `CREATE_DATE`, `UPDATE_DATE`) VALUES (47, 47, 47, 47, 47, '2019-06-03 15:03:37', '2019-05-14 15:05:23', '43.41', '2017-09-12 21:59:50', '2018-03-09 04:55:40');
INSERT INTO `RIDE` (`RIDE_ID`, `CAR_ID`, `SCHEDULE_ID`, `DRIVER_ID`, `RIDER_ID`, `START_TIME`, `END_TIME`, `ESTIMATED_COST`, `CREATE_DATE`, `UPDATE_DATE`) VALUES (48, 48, 48, 48, 48, '2019-05-16 17:06:44', '2019-06-01 07:17:00', '69.87', '2017-12-21 03:19:04', '2019-05-03 16:47:50');
INSERT INTO `RIDE` (`RIDE_ID`, `CAR_ID`, `SCHEDULE_ID`, `DRIVER_ID`, `RIDER_ID`, `START_TIME`, `END_TIME`, `ESTIMATED_COST`, `CREATE_DATE`, `UPDATE_DATE`) VALUES (49, 49, 49, 49, 49, '2019-06-05 04:16:35', '2019-05-15 00:44:23', '40.06', '2018-02-22 10:14:07', '2018-12-29 15:02:57');
INSERT INTO `RIDE` (`RIDE_ID`, `CAR_ID`, `SCHEDULE_ID`, `DRIVER_ID`, `RIDER_ID`, `START_TIME`, `END_TIME`, `ESTIMATED_COST`, `CREATE_DATE`, `UPDATE_DATE`) VALUES (50, 50, 50, 50, 50, '2019-05-31 06:29:35', '2019-05-24 00:17:19', '32.43', '2016-07-25 17:39:03', '2018-01-08 05:55:48');
INSERT INTO `RIDE` (`RIDE_ID`, `CAR_ID`, `SCHEDULE_ID`, `DRIVER_ID`, `RIDER_ID`, `START_TIME`, `END_TIME`, `ESTIMATED_COST`, `CREATE_DATE`, `UPDATE_DATE`) VALUES (51, 51, 51, 51, 51, '2019-05-16 18:40:21', '2019-05-26 14:21:51', '71.82', '2019-02-14 21:23:35', '2018-01-09 15:38:44');
INSERT INTO `RIDE` (`RIDE_ID`, `CAR_ID`, `SCHEDULE_ID`, `DRIVER_ID`, `RIDER_ID`, `START_TIME`, `END_TIME`, `ESTIMATED_COST`, `CREATE_DATE`, `UPDATE_DATE`) VALUES (52, 52, 52, 52, 52, '2019-05-29 21:36:03', '2019-05-24 11:44:52', '29.85', '2016-06-29 10:10:34', '2017-08-07 21:08:46');
INSERT INTO `RIDE` (`RIDE_ID`, `CAR_ID`, `SCHEDULE_ID`, `DRIVER_ID`, `RIDER_ID`, `START_TIME`, `END_TIME`, `ESTIMATED_COST`, `CREATE_DATE`, `UPDATE_DATE`) VALUES (53, 53, 53, 53, 53, '2019-06-07 23:32:19', '2019-05-14 06:19:16', '90.8', '2017-09-26 05:44:48', '2016-12-01 21:49:39');
INSERT INTO `RIDE` (`RIDE_ID`, `CAR_ID`, `SCHEDULE_ID`, `DRIVER_ID`, `RIDER_ID`, `START_TIME`, `END_TIME`, `ESTIMATED_COST`, `CREATE_DATE`, `UPDATE_DATE`) VALUES (54, 54, 54, 54, 54, '2019-05-10 16:55:27', '2019-05-31 06:09:56', '43.31', '2017-10-08 09:18:33', '2018-10-16 09:12:04');
INSERT INTO `RIDE` (`RIDE_ID`, `CAR_ID`, `SCHEDULE_ID`, `DRIVER_ID`, `RIDER_ID`, `START_TIME`, `END_TIME`, `ESTIMATED_COST`, `CREATE_DATE`, `UPDATE_DATE`) VALUES (55, 55, 55, 55, 55, '2019-05-19 01:48:36', '2019-05-19 12:27:31', '33.43', '2019-04-05 17:45:57', '2018-04-06 23:48:32');
INSERT INTO `RIDE` (`RIDE_ID`, `CAR_ID`, `SCHEDULE_ID`, `DRIVER_ID`, `RIDER_ID`, `START_TIME`, `END_TIME`, `ESTIMATED_COST`, `CREATE_DATE`, `UPDATE_DATE`) VALUES (56, 56, 56, 56, 56, '2019-06-08 13:08:23', '2019-06-04 07:51:14', '42.8', '2016-12-15 07:59:24', '2017-09-16 03:56:22');
INSERT INTO `RIDE` (`RIDE_ID`, `CAR_ID`, `SCHEDULE_ID`, `DRIVER_ID`, `RIDER_ID`, `START_TIME`, `END_TIME`, `ESTIMATED_COST`, `CREATE_DATE`, `UPDATE_DATE`) VALUES (57, 57, 57, 57, 57, '2019-05-21 08:15:29', '2019-05-14 15:35:33', '5.61', '2019-03-12 21:15:10', '2019-05-17 05:41:20');
INSERT INTO `RIDE` (`RIDE_ID`, `CAR_ID`, `SCHEDULE_ID`, `DRIVER_ID`, `RIDER_ID`, `START_TIME`, `END_TIME`, `ESTIMATED_COST`, `CREATE_DATE`, `UPDATE_DATE`) VALUES (58, 58, 58, 58, 58, '2019-05-10 07:14:08', '2019-05-13 15:07:07', '81.63', '2018-01-11 15:50:10', '2016-11-03 17:33:29');
INSERT INTO `RIDE` (`RIDE_ID`, `CAR_ID`, `SCHEDULE_ID`, `DRIVER_ID`, `RIDER_ID`, `START_TIME`, `END_TIME`, `ESTIMATED_COST`, `CREATE_DATE`, `UPDATE_DATE`) VALUES (59, 59, 59, 59, 59, '2019-05-23 16:21:09', '2019-06-06 21:36:17', '79.41', '2016-06-21 21:26:02', '2017-06-04 02:09:56');
INSERT INTO `RIDE` (`RIDE_ID`, `CAR_ID`, `SCHEDULE_ID`, `DRIVER_ID`, `RIDER_ID`, `START_TIME`, `END_TIME`, `ESTIMATED_COST`, `CREATE_DATE`, `UPDATE_DATE`) VALUES (60, 60, 60, 60, 60, '2019-06-05 20:37:35', '2019-05-29 22:22:23', '49.43', '2016-08-21 08:31:12', '2017-07-27 01:41:31');
INSERT INTO `RIDE` (`RIDE_ID`, `CAR_ID`, `SCHEDULE_ID`, `DRIVER_ID`, `RIDER_ID`, `START_TIME`, `END_TIME`, `ESTIMATED_COST`, `CREATE_DATE`, `UPDATE_DATE`) VALUES (61, 61, 61, 61, 61, '2019-06-06 10:14:17', '2019-06-08 16:49:41', '19.23', '2018-07-04 15:20:04', '2016-09-30 05:16:54');
INSERT INTO `RIDE` (`RIDE_ID`, `CAR_ID`, `SCHEDULE_ID`, `DRIVER_ID`, `RIDER_ID`, `START_TIME`, `END_TIME`, `ESTIMATED_COST`, `CREATE_DATE`, `UPDATE_DATE`) VALUES (62, 62, 62, 62, 62, '2019-05-16 16:10:29', '2019-05-22 11:02:00', '80.87', '2017-09-21 03:29:31', '2019-01-19 09:45:08');
INSERT INTO `RIDE` (`RIDE_ID`, `CAR_ID`, `SCHEDULE_ID`, `DRIVER_ID`, `RIDER_ID`, `START_TIME`, `END_TIME`, `ESTIMATED_COST`, `CREATE_DATE`, `UPDATE_DATE`) VALUES (63, 63, 63, 63, 63, '2019-05-27 05:49:42', '2019-05-22 10:05:27', '49.93', '2016-08-31 01:56:23', '2017-09-07 19:38:52');
INSERT INTO `RIDE` (`RIDE_ID`, `CAR_ID`, `SCHEDULE_ID`, `DRIVER_ID`, `RIDER_ID`, `START_TIME`, `END_TIME`, `ESTIMATED_COST`, `CREATE_DATE`, `UPDATE_DATE`) VALUES (64, 64, 64, 64, 64, '2019-05-28 08:46:41', '2019-05-10 02:45:01', '30.61', '2019-02-17 10:39:55', '2018-04-19 13:10:17');
INSERT INTO `RIDE` (`RIDE_ID`, `CAR_ID`, `SCHEDULE_ID`, `DRIVER_ID`, `RIDER_ID`, `START_TIME`, `END_TIME`, `ESTIMATED_COST`, `CREATE_DATE`, `UPDATE_DATE`) VALUES (65, 65, 65, 65, 65, '2019-05-29 09:56:22', '2019-05-14 04:30:20', '44.36', '2019-04-07 23:18:20', '2018-12-28 14:59:34');
INSERT INTO `RIDE` (`RIDE_ID`, `CAR_ID`, `SCHEDULE_ID`, `DRIVER_ID`, `RIDER_ID`, `START_TIME`, `END_TIME`, `ESTIMATED_COST`, `CREATE_DATE`, `UPDATE_DATE`) VALUES (66, 66, 66, 66, 66, '2019-05-15 06:12:29', '2019-05-28 05:48:05', '59.39', '2018-01-20 04:57:52', '2018-06-16 06:52:37');
INSERT INTO `RIDE` (`RIDE_ID`, `CAR_ID`, `SCHEDULE_ID`, `DRIVER_ID`, `RIDER_ID`, `START_TIME`, `END_TIME`, `ESTIMATED_COST`, `CREATE_DATE`, `UPDATE_DATE`) VALUES (67, 67, 67, 67, 67, '2019-05-23 19:18:02', '2019-05-11 04:28:41', '24.1', '2017-09-21 04:43:17', '2018-04-13 19:23:04');
INSERT INTO `RIDE` (`RIDE_ID`, `CAR_ID`, `SCHEDULE_ID`, `DRIVER_ID`, `RIDER_ID`, `START_TIME`, `END_TIME`, `ESTIMATED_COST`, `CREATE_DATE`, `UPDATE_DATE`) VALUES (68, 68, 68, 68, 68, '2019-06-01 03:38:14', '2019-05-09 09:37:08', '86.52', '2018-01-18 09:30:32', '2017-08-19 11:23:44');
INSERT INTO `RIDE` (`RIDE_ID`, `CAR_ID`, `SCHEDULE_ID`, `DRIVER_ID`, `RIDER_ID`, `START_TIME`, `END_TIME`, `ESTIMATED_COST`, `CREATE_DATE`, `UPDATE_DATE`) VALUES (69, 69, 69, 69, 69, '2019-06-04 23:43:13', '2019-05-18 20:41:50', '44.25', '2018-07-09 01:12:43', '2018-08-30 04:37:11');
INSERT INTO `RIDE` (`RIDE_ID`, `CAR_ID`, `SCHEDULE_ID`, `DRIVER_ID`, `RIDER_ID`, `START_TIME`, `END_TIME`, `ESTIMATED_COST`, `CREATE_DATE`, `UPDATE_DATE`) VALUES (70, 70, 70, 70, 70, '2019-06-05 06:28:48', '2019-05-15 19:10:19', '14.56', '2016-12-29 04:00:34', '2018-04-19 17:57:04');
INSERT INTO `RIDE` (`RIDE_ID`, `CAR_ID`, `SCHEDULE_ID`, `DRIVER_ID`, `RIDER_ID`, `START_TIME`, `END_TIME`, `ESTIMATED_COST`, `CREATE_DATE`, `UPDATE_DATE`) VALUES (71, 71, 71, 71, 71, '2019-06-04 03:26:12', '2019-05-29 20:12:23', '57.48', '2017-07-28 12:02:54', '2018-08-05 02:29:49');
INSERT INTO `RIDE` (`RIDE_ID`, `CAR_ID`, `SCHEDULE_ID`, `DRIVER_ID`, `RIDER_ID`, `START_TIME`, `END_TIME`, `ESTIMATED_COST`, `CREATE_DATE`, `UPDATE_DATE`) VALUES (72, 72, 72, 72, 72, '2019-05-16 21:37:51', '2019-05-29 18:05:09', '69.62', '2018-03-01 07:44:37', '2017-03-09 12:16:48');
INSERT INTO `RIDE` (`RIDE_ID`, `CAR_ID`, `SCHEDULE_ID`, `DRIVER_ID`, `RIDER_ID`, `START_TIME`, `END_TIME`, `ESTIMATED_COST`, `CREATE_DATE`, `UPDATE_DATE`) VALUES (73, 73, 73, 73, 73, '2019-05-29 20:42:15', '2019-05-31 01:53:56', '35.32', '2018-12-19 10:18:11', '2019-03-02 13:18:58');
INSERT INTO `RIDE` (`RIDE_ID`, `CAR_ID`, `SCHEDULE_ID`, `DRIVER_ID`, `RIDER_ID`, `START_TIME`, `END_TIME`, `ESTIMATED_COST`, `CREATE_DATE`, `UPDATE_DATE`) VALUES (74, 74, 74, 74, 74, '2019-06-07 14:11:00', '2019-06-01 18:51:35', '27.18', '2017-03-31 22:15:00', '2017-03-19 13:10:15');
INSERT INTO `RIDE` (`RIDE_ID`, `CAR_ID`, `SCHEDULE_ID`, `DRIVER_ID`, `RIDER_ID`, `START_TIME`, `END_TIME`, `ESTIMATED_COST`, `CREATE_DATE`, `UPDATE_DATE`) VALUES (75, 75, 75, 75, 75, '2019-06-07 17:41:00', '2019-05-24 19:02:15', '95.25', '2016-08-14 00:53:46', '2016-10-03 17:49:41');
INSERT INTO `RIDE` (`RIDE_ID`, `CAR_ID`, `SCHEDULE_ID`, `DRIVER_ID`, `RIDER_ID`, `START_TIME`, `END_TIME`, `ESTIMATED_COST`, `CREATE_DATE`, `UPDATE_DATE`) VALUES (76, 76, 76, 76, 76, '2019-05-09 05:37:22', '2019-05-24 09:26:54', '13.55', '2018-01-08 20:06:03', '2016-06-18 13:32:49');
INSERT INTO `RIDE` (`RIDE_ID`, `CAR_ID`, `SCHEDULE_ID`, `DRIVER_ID`, `RIDER_ID`, `START_TIME`, `END_TIME`, `ESTIMATED_COST`, `CREATE_DATE`, `UPDATE_DATE`) VALUES (77, 77, 77, 77, 77, '2019-05-23 22:43:38', '2019-06-08 10:58:12', '58.99', '2019-04-19 11:49:17', '2018-07-01 00:02:26');
INSERT INTO `RIDE` (`RIDE_ID`, `CAR_ID`, `SCHEDULE_ID`, `DRIVER_ID`, `RIDER_ID`, `START_TIME`, `END_TIME`, `ESTIMATED_COST`, `CREATE_DATE`, `UPDATE_DATE`) VALUES (78, 78, 78, 78, 78, '2019-06-04 00:21:05', '2019-05-30 21:27:59', '46.54', '2017-06-26 00:04:52', '2017-12-08 05:32:02');
INSERT INTO `RIDE` (`RIDE_ID`, `CAR_ID`, `SCHEDULE_ID`, `DRIVER_ID`, `RIDER_ID`, `START_TIME`, `END_TIME`, `ESTIMATED_COST`, `CREATE_DATE`, `UPDATE_DATE`) VALUES (79, 79, 79, 79, 79, '2019-05-26 19:43:58', '2019-06-03 18:56:39', '68.08', '2018-12-30 12:44:52', '2018-04-23 23:24:26');
INSERT INTO `RIDE` (`RIDE_ID`, `CAR_ID`, `SCHEDULE_ID`, `DRIVER_ID`, `RIDER_ID`, `START_TIME`, `END_TIME`, `ESTIMATED_COST`, `CREATE_DATE`, `UPDATE_DATE`) VALUES (80, 80, 80, 80, 80, '2019-06-06 18:31:21', '2019-06-01 10:37:41', '40.4', '2016-08-03 18:17:39', '2018-02-20 06:29:10');
INSERT INTO `RIDE` (`RIDE_ID`, `CAR_ID`, `SCHEDULE_ID`, `DRIVER_ID`, `RIDER_ID`, `START_TIME`, `END_TIME`, `ESTIMATED_COST`, `CREATE_DATE`, `UPDATE_DATE`) VALUES (81, 81, 81, 81, 81, '2019-06-06 03:01:07', '2019-05-25 12:05:51', '85.95', '2017-07-24 05:32:03', '2017-11-05 06:17:27');
INSERT INTO `RIDE` (`RIDE_ID`, `CAR_ID`, `SCHEDULE_ID`, `DRIVER_ID`, `RIDER_ID`, `START_TIME`, `END_TIME`, `ESTIMATED_COST`, `CREATE_DATE`, `UPDATE_DATE`) VALUES (82, 82, 82, 82, 82, '2019-05-09 19:38:57', '2019-05-14 15:54:37', '36.07', '2019-04-13 15:30:12', '2017-02-23 09:19:18');
INSERT INTO `RIDE` (`RIDE_ID`, `CAR_ID`, `SCHEDULE_ID`, `DRIVER_ID`, `RIDER_ID`, `START_TIME`, `END_TIME`, `ESTIMATED_COST`, `CREATE_DATE`, `UPDATE_DATE`) VALUES (83, 83, 83, 83, 83, '2019-06-03 15:17:57', '2019-05-28 05:00:54', '58.3', '2019-06-03 21:15:45', '2018-03-18 06:23:32');
INSERT INTO `RIDE` (`RIDE_ID`, `CAR_ID`, `SCHEDULE_ID`, `DRIVER_ID`, `RIDER_ID`, `START_TIME`, `END_TIME`, `ESTIMATED_COST`, `CREATE_DATE`, `UPDATE_DATE`) VALUES (84, 84, 84, 84, 84, '2019-06-05 16:56:44', '2019-05-19 13:46:46', '12.96', '2019-04-29 12:31:00', '2019-02-05 00:02:58');
INSERT INTO `RIDE` (`RIDE_ID`, `CAR_ID`, `SCHEDULE_ID`, `DRIVER_ID`, `RIDER_ID`, `START_TIME`, `END_TIME`, `ESTIMATED_COST`, `CREATE_DATE`, `UPDATE_DATE`) VALUES (85, 85, 85, 85, 85, '2019-06-04 03:14:46', '2019-05-29 05:31:50', '88.89', '2018-08-02 06:51:47', '2016-07-11 11:12:35');
INSERT INTO `RIDE` (`RIDE_ID`, `CAR_ID`, `SCHEDULE_ID`, `DRIVER_ID`, `RIDER_ID`, `START_TIME`, `END_TIME`, `ESTIMATED_COST`, `CREATE_DATE`, `UPDATE_DATE`) VALUES (86, 86, 86, 86, 86, '2019-05-28 21:37:13', '2019-06-06 10:59:30', '59.45', '2018-11-03 12:56:45', '2016-11-24 13:19:51');
INSERT INTO `RIDE` (`RIDE_ID`, `CAR_ID`, `SCHEDULE_ID`, `DRIVER_ID`, `RIDER_ID`, `START_TIME`, `END_TIME`, `ESTIMATED_COST`, `CREATE_DATE`, `UPDATE_DATE`) VALUES (87, 87, 87, 87, 87, '2019-05-11 21:51:48', '2019-05-22 01:59:38', '97.83', '2018-03-09 17:15:40', '2019-04-01 18:03:38');
INSERT INTO `RIDE` (`RIDE_ID`, `CAR_ID`, `SCHEDULE_ID`, `DRIVER_ID`, `RIDER_ID`, `START_TIME`, `END_TIME`, `ESTIMATED_COST`, `CREATE_DATE`, `UPDATE_DATE`) VALUES (88, 88, 88, 88, 88, '2019-05-14 03:04:42', '2019-05-11 05:04:59', '54.77', '2016-09-29 02:44:42', '2018-02-21 09:10:33');
INSERT INTO `RIDE` (`RIDE_ID`, `CAR_ID`, `SCHEDULE_ID`, `DRIVER_ID`, `RIDER_ID`, `START_TIME`, `END_TIME`, `ESTIMATED_COST`, `CREATE_DATE`, `UPDATE_DATE`) VALUES (89, 89, 89, 89, 89, '2019-05-30 21:47:30', '2019-05-22 19:54:25', '55.93', '2018-01-20 09:27:31', '2016-07-05 22:14:59');
INSERT INTO `RIDE` (`RIDE_ID`, `CAR_ID`, `SCHEDULE_ID`, `DRIVER_ID`, `RIDER_ID`, `START_TIME`, `END_TIME`, `ESTIMATED_COST`, `CREATE_DATE`, `UPDATE_DATE`) VALUES (90, 90, 90, 90, 90, '2019-06-03 10:29:02', '2019-06-04 20:21:07', '32.06', '2016-10-23 05:36:49', '2017-10-20 00:29:49');
INSERT INTO `RIDE` (`RIDE_ID`, `CAR_ID`, `SCHEDULE_ID`, `DRIVER_ID`, `RIDER_ID`, `START_TIME`, `END_TIME`, `ESTIMATED_COST`, `CREATE_DATE`, `UPDATE_DATE`) VALUES (91, 91, 91, 91, 91, '2019-05-31 07:29:50', '2019-05-12 13:59:22', '29.52', '2019-01-12 07:19:14', '2018-05-08 06:53:52');
INSERT INTO `RIDE` (`RIDE_ID`, `CAR_ID`, `SCHEDULE_ID`, `DRIVER_ID`, `RIDER_ID`, `START_TIME`, `END_TIME`, `ESTIMATED_COST`, `CREATE_DATE`, `UPDATE_DATE`) VALUES (92, 92, 92, 92, 92, '2019-05-16 23:52:35', '2019-05-15 19:37:15', '59.3', '2018-01-13 12:44:13', '2019-04-01 16:17:20');
INSERT INTO `RIDE` (`RIDE_ID`, `CAR_ID`, `SCHEDULE_ID`, `DRIVER_ID`, `RIDER_ID`, `START_TIME`, `END_TIME`, `ESTIMATED_COST`, `CREATE_DATE`, `UPDATE_DATE`) VALUES (93, 93, 93, 93, 93, '2019-05-19 18:09:04', '2019-06-02 18:50:16', '37.97', '2016-09-24 11:56:35', '2017-04-22 15:46:22');
INSERT INTO `RIDE` (`RIDE_ID`, `CAR_ID`, `SCHEDULE_ID`, `DRIVER_ID`, `RIDER_ID`, `START_TIME`, `END_TIME`, `ESTIMATED_COST`, `CREATE_DATE`, `UPDATE_DATE`) VALUES (94, 94, 94, 94, 94, '2019-05-19 22:13:13', '2019-05-27 02:50:02', '43.5', '2018-01-28 22:55:58', '2016-10-17 21:39:10');
INSERT INTO `RIDE` (`RIDE_ID`, `CAR_ID`, `SCHEDULE_ID`, `DRIVER_ID`, `RIDER_ID`, `START_TIME`, `END_TIME`, `ESTIMATED_COST`, `CREATE_DATE`, `UPDATE_DATE`) VALUES (95, 95, 95, 95, 95, '2019-05-27 07:07:30', '2019-05-09 05:14:51', '87.36', '2018-05-05 08:02:36', '2017-04-21 19:34:28');
INSERT INTO `RIDE` (`RIDE_ID`, `CAR_ID`, `SCHEDULE_ID`, `DRIVER_ID`, `RIDER_ID`, `START_TIME`, `END_TIME`, `ESTIMATED_COST`, `CREATE_DATE`, `UPDATE_DATE`) VALUES (96, 96, 96, 96, 96, '2019-06-05 04:58:39', '2019-05-15 03:36:42', '57.14', '2018-06-28 06:17:28', '2016-08-21 03:16:20');
INSERT INTO `RIDE` (`RIDE_ID`, `CAR_ID`, `SCHEDULE_ID`, `DRIVER_ID`, `RIDER_ID`, `START_TIME`, `END_TIME`, `ESTIMATED_COST`, `CREATE_DATE`, `UPDATE_DATE`) VALUES (97, 97, 97, 97, 97, '2019-05-30 10:12:29', '2019-06-01 19:09:42', '80.75', '2016-12-03 22:25:35', '2018-07-04 09:45:00');
INSERT INTO `RIDE` (`RIDE_ID`, `CAR_ID`, `SCHEDULE_ID`, `DRIVER_ID`, `RIDER_ID`, `START_TIME`, `END_TIME`, `ESTIMATED_COST`, `CREATE_DATE`, `UPDATE_DATE`) VALUES (98, 98, 98, 98, 98, '2019-06-04 14:07:59', '2019-05-16 16:02:47', '31.57', '2018-05-13 00:56:19', '2017-10-18 00:01:48');
INSERT INTO `RIDE` (`RIDE_ID`, `CAR_ID`, `SCHEDULE_ID`, `DRIVER_ID`, `RIDER_ID`, `START_TIME`, `END_TIME`, `ESTIMATED_COST`, `CREATE_DATE`, `UPDATE_DATE`) VALUES (99, 99, 99, 99, 99, '2019-05-27 04:01:27', '2019-05-28 01:01:11', '32.4', '2018-05-21 14:21:07', '2017-09-24 18:56:39');
INSERT INTO `RIDE` (`RIDE_ID`, `CAR_ID`, `SCHEDULE_ID`, `DRIVER_ID`, `RIDER_ID`, `START_TIME`, `END_TIME`, `ESTIMATED_COST`, `CREATE_DATE`, `UPDATE_DATE`) VALUES (100, 100, 100, 100, 100, '2019-06-08 05:27:37', '2019-05-28 07:15:37', '99.48', '2016-12-14 07:33:15', '2017-12-20 21:40:00');




INSERT INTO `RATING` (`RATING_ID`, `RIDE_ID`, `AMOUNT`, `CREATE_DATE`, `UPDATE_DATE`) VALUES (1, 1, 2, '2018-11-24 09:26:21', '2018-07-26 17:21:02');
INSERT INTO `RATING` (`RATING_ID`, `RIDE_ID`, `AMOUNT`, `CREATE_DATE`, `UPDATE_DATE`) VALUES (2, 2, 3, '2017-06-06 11:07:34', '2016-11-19 15:35:37');
INSERT INTO `RATING` (`RATING_ID`, `RIDE_ID`, `AMOUNT`, `CREATE_DATE`, `UPDATE_DATE`) VALUES (3, 3, 9, '2016-09-07 12:55:57', '2016-08-03 06:45:30');
INSERT INTO `RATING` (`RATING_ID`, `RIDE_ID`, `AMOUNT`, `CREATE_DATE`, `UPDATE_DATE`) VALUES (4, 4, 4, '2018-06-18 19:34:23', '2018-11-26 04:57:36');
INSERT INTO `RATING` (`RATING_ID`, `RIDE_ID`, `AMOUNT`, `CREATE_DATE`, `UPDATE_DATE`) VALUES (5, 5, 1, '2017-09-09 14:29:25', '2016-10-31 17:56:25');
INSERT INTO `RATING` (`RATING_ID`, `RIDE_ID`, `AMOUNT`, `CREATE_DATE`, `UPDATE_DATE`) VALUES (6, 6, 4, '2017-04-09 03:37:23', '2017-02-13 23:07:57');
INSERT INTO `RATING` (`RATING_ID`, `RIDE_ID`, `AMOUNT`, `CREATE_DATE`, `UPDATE_DATE`) VALUES (7, 7, 7, '2016-11-06 15:46:44', '2017-07-25 20:33:52');
INSERT INTO `RATING` (`RATING_ID`, `RIDE_ID`, `AMOUNT`, `CREATE_DATE`, `UPDATE_DATE`) VALUES (8, 8, 4, '2017-01-23 04:35:14', '2018-08-15 09:02:57');
INSERT INTO `RATING` (`RATING_ID`, `RIDE_ID`, `AMOUNT`, `CREATE_DATE`, `UPDATE_DATE`) VALUES (9, 9, 7, '2017-08-29 07:13:28', '2016-07-14 20:01:31');
INSERT INTO `RATING` (`RATING_ID`, `RIDE_ID`, `AMOUNT`, `CREATE_DATE`, `UPDATE_DATE`) VALUES (10, 10, 9, '2017-11-02 09:47:16', '2019-02-06 02:08:57');
INSERT INTO `RATING` (`RATING_ID`, `RIDE_ID`, `AMOUNT`, `CREATE_DATE`, `UPDATE_DATE`) VALUES (11, 11, 5, '2017-03-08 08:13:04', '2019-03-20 08:40:10');
INSERT INTO `RATING` (`RATING_ID`, `RIDE_ID`, `AMOUNT`, `CREATE_DATE`, `UPDATE_DATE`) VALUES (12, 12, 3, '2016-08-24 22:20:27', '2017-02-16 22:14:20');
INSERT INTO `RATING` (`RATING_ID`, `RIDE_ID`, `AMOUNT`, `CREATE_DATE`, `UPDATE_DATE`) VALUES (13, 13, 1, '2017-02-13 10:11:21', '2016-08-08 10:37:36');
INSERT INTO `RATING` (`RATING_ID`, `RIDE_ID`, `AMOUNT`, `CREATE_DATE`, `UPDATE_DATE`) VALUES (14, 14, 9, '2019-01-13 20:00:29', '2018-01-14 17:37:51');
INSERT INTO `RATING` (`RATING_ID`, `RIDE_ID`, `AMOUNT`, `CREATE_DATE`, `UPDATE_DATE`) VALUES (15, 15, 1, '2017-04-30 12:43:09', '2019-02-13 05:21:54');
INSERT INTO `RATING` (`RATING_ID`, `RIDE_ID`, `AMOUNT`, `CREATE_DATE`, `UPDATE_DATE`) VALUES (16, 16, 6, '2016-06-21 22:31:09', '2016-11-02 21:55:46');
INSERT INTO `RATING` (`RATING_ID`, `RIDE_ID`, `AMOUNT`, `CREATE_DATE`, `UPDATE_DATE`) VALUES (17, 17, 3, '2019-05-15 08:47:27', '2018-05-14 04:39:46');
INSERT INTO `RATING` (`RATING_ID`, `RIDE_ID`, `AMOUNT`, `CREATE_DATE`, `UPDATE_DATE`) VALUES (18, 18, 6, '2017-02-18 19:19:51', '2017-01-16 10:05:18');
INSERT INTO `RATING` (`RATING_ID`, `RIDE_ID`, `AMOUNT`, `CREATE_DATE`, `UPDATE_DATE`) VALUES (19, 19, 2, '2018-03-29 01:46:26', '2018-12-21 12:01:45');
INSERT INTO `RATING` (`RATING_ID`, `RIDE_ID`, `AMOUNT`, `CREATE_DATE`, `UPDATE_DATE`) VALUES (20, 20, 3, '2017-07-25 00:18:31', '2019-02-04 23:30:04');
INSERT INTO `RATING` (`RATING_ID`, `RIDE_ID`, `AMOUNT`, `CREATE_DATE`, `UPDATE_DATE`) VALUES (21, 21, 2, '2019-01-19 16:08:28', '2017-03-08 04:06:15');
INSERT INTO `RATING` (`RATING_ID`, `RIDE_ID`, `AMOUNT`, `CREATE_DATE`, `UPDATE_DATE`) VALUES (22, 22, 5, '2017-06-25 13:35:13', '2017-08-09 02:52:23');
INSERT INTO `RATING` (`RATING_ID`, `RIDE_ID`, `AMOUNT`, `CREATE_DATE`, `UPDATE_DATE`) VALUES (23, 23, 2, '2018-11-27 10:16:56', '2018-07-18 00:54:34');
INSERT INTO `RATING` (`RATING_ID`, `RIDE_ID`, `AMOUNT`, `CREATE_DATE`, `UPDATE_DATE`) VALUES (24, 24, 10, '2017-04-13 07:06:34', '2018-10-17 04:11:26');
INSERT INTO `RATING` (`RATING_ID`, `RIDE_ID`, `AMOUNT`, `CREATE_DATE`, `UPDATE_DATE`) VALUES (25, 25, 5, '2018-02-14 12:10:32', '2017-05-01 06:20:58');
INSERT INTO `RATING` (`RATING_ID`, `RIDE_ID`, `AMOUNT`, `CREATE_DATE`, `UPDATE_DATE`) VALUES (26, 26, 3, '2017-09-06 16:13:30', '2018-04-13 11:27:27');
INSERT INTO `RATING` (`RATING_ID`, `RIDE_ID`, `AMOUNT`, `CREATE_DATE`, `UPDATE_DATE`) VALUES (27, 27, 2, '2019-04-19 05:26:02', '2019-04-06 17:13:50');
INSERT INTO `RATING` (`RATING_ID`, `RIDE_ID`, `AMOUNT`, `CREATE_DATE`, `UPDATE_DATE`) VALUES (28, 28, 5, '2017-03-20 07:49:59', '2018-09-06 21:38:52');
INSERT INTO `RATING` (`RATING_ID`, `RIDE_ID`, `AMOUNT`, `CREATE_DATE`, `UPDATE_DATE`) VALUES (29, 29, 4, '2016-10-11 16:32:52', '2019-05-02 04:57:05');
INSERT INTO `RATING` (`RATING_ID`, `RIDE_ID`, `AMOUNT`, `CREATE_DATE`, `UPDATE_DATE`) VALUES (30, 30, 3, '2018-04-27 21:16:50', '2017-12-04 05:30:06');
INSERT INTO `RATING` (`RATING_ID`, `RIDE_ID`, `AMOUNT`, `CREATE_DATE`, `UPDATE_DATE`) VALUES (31, 31, 4, '2016-07-12 20:10:33', '2018-10-13 18:42:14');
INSERT INTO `RATING` (`RATING_ID`, `RIDE_ID`, `AMOUNT`, `CREATE_DATE`, `UPDATE_DATE`) VALUES (32, 32, 2, '2018-08-18 15:02:31', '2018-10-31 07:26:20');
INSERT INTO `RATING` (`RATING_ID`, `RIDE_ID`, `AMOUNT`, `CREATE_DATE`, `UPDATE_DATE`) VALUES (33, 33, 3, '2016-11-13 03:54:38', '2016-12-25 12:46:12');
INSERT INTO `RATING` (`RATING_ID`, `RIDE_ID`, `AMOUNT`, `CREATE_DATE`, `UPDATE_DATE`) VALUES (34, 34, 4, '2018-03-15 09:58:18', '2016-10-22 13:05:05');
INSERT INTO `RATING` (`RATING_ID`, `RIDE_ID`, `AMOUNT`, `CREATE_DATE`, `UPDATE_DATE`) VALUES (35, 35, 3, '2017-11-17 02:55:34', '2017-03-13 16:49:39');
INSERT INTO `RATING` (`RATING_ID`, `RIDE_ID`, `AMOUNT`, `CREATE_DATE`, `UPDATE_DATE`) VALUES (36, 36, 3, '2017-11-08 14:10:28', '2018-07-12 05:36:03');
INSERT INTO `RATING` (`RATING_ID`, `RIDE_ID`, `AMOUNT`, `CREATE_DATE`, `UPDATE_DATE`) VALUES (37, 37, 8, '2016-11-24 18:45:48', '2019-05-18 08:13:11');
INSERT INTO `RATING` (`RATING_ID`, `RIDE_ID`, `AMOUNT`, `CREATE_DATE`, `UPDATE_DATE`) VALUES (38, 38, 6, '2018-05-16 07:33:24', '2017-05-17 01:21:35');
INSERT INTO `RATING` (`RATING_ID`, `RIDE_ID`, `AMOUNT`, `CREATE_DATE`, `UPDATE_DATE`) VALUES (39, 39, 1, '2016-12-22 11:46:25', '2018-01-06 13:38:34');
INSERT INTO `RATING` (`RATING_ID`, `RIDE_ID`, `AMOUNT`, `CREATE_DATE`, `UPDATE_DATE`) VALUES (40, 40, 3, '2019-04-14 14:04:39', '2017-08-01 14:52:52');
INSERT INTO `RATING` (`RATING_ID`, `RIDE_ID`, `AMOUNT`, `CREATE_DATE`, `UPDATE_DATE`) VALUES (41, 41, 8, '2018-08-30 05:15:51', '2016-08-15 11:42:13');
INSERT INTO `RATING` (`RATING_ID`, `RIDE_ID`, `AMOUNT`, `CREATE_DATE`, `UPDATE_DATE`) VALUES (42, 42, 7, '2018-11-22 13:15:55', '2017-11-20 22:58:41');
INSERT INTO `RATING` (`RATING_ID`, `RIDE_ID`, `AMOUNT`, `CREATE_DATE`, `UPDATE_DATE`) VALUES (43, 43, 7, '2017-06-04 17:34:08', '2018-12-10 10:42:56');
INSERT INTO `RATING` (`RATING_ID`, `RIDE_ID`, `AMOUNT`, `CREATE_DATE`, `UPDATE_DATE`) VALUES (44, 44, 6, '2019-02-07 13:57:50', '2017-07-04 00:35:48');
INSERT INTO `RATING` (`RATING_ID`, `RIDE_ID`, `AMOUNT`, `CREATE_DATE`, `UPDATE_DATE`) VALUES (45, 45, 6, '2017-02-28 01:21:00', '2018-12-19 08:48:33');
INSERT INTO `RATING` (`RATING_ID`, `RIDE_ID`, `AMOUNT`, `CREATE_DATE`, `UPDATE_DATE`) VALUES (46, 46, 7, '2016-11-29 04:30:26', '2016-09-26 16:47:12');
INSERT INTO `RATING` (`RATING_ID`, `RIDE_ID`, `AMOUNT`, `CREATE_DATE`, `UPDATE_DATE`) VALUES (47, 47, 6, '2017-03-30 12:54:29', '2016-10-27 01:53:44');
INSERT INTO `RATING` (`RATING_ID`, `RIDE_ID`, `AMOUNT`, `CREATE_DATE`, `UPDATE_DATE`) VALUES (48, 48, 9, '2018-03-05 15:00:02', '2017-08-26 05:43:11');
INSERT INTO `RATING` (`RATING_ID`, `RIDE_ID`, `AMOUNT`, `CREATE_DATE`, `UPDATE_DATE`) VALUES (49, 49, 7, '2018-01-26 21:21:37', '2016-12-01 23:47:41');
INSERT INTO `RATING` (`RATING_ID`, `RIDE_ID`, `AMOUNT`, `CREATE_DATE`, `UPDATE_DATE`) VALUES (50, 50, 2, '2017-10-21 04:44:43', '2016-08-25 04:45:02');
INSERT INTO `RATING` (`RATING_ID`, `RIDE_ID`, `AMOUNT`, `CREATE_DATE`, `UPDATE_DATE`) VALUES (51, 51, 6, '2018-06-10 14:50:55', '2017-04-09 14:01:21');
INSERT INTO `RATING` (`RATING_ID`, `RIDE_ID`, `AMOUNT`, `CREATE_DATE`, `UPDATE_DATE`) VALUES (52, 52, 4, '2019-01-03 14:42:57', '2016-10-16 13:36:38');
INSERT INTO `RATING` (`RATING_ID`, `RIDE_ID`, `AMOUNT`, `CREATE_DATE`, `UPDATE_DATE`) VALUES (53, 53, 2, '2017-07-30 03:17:03', '2018-08-15 08:28:38');
INSERT INTO `RATING` (`RATING_ID`, `RIDE_ID`, `AMOUNT`, `CREATE_DATE`, `UPDATE_DATE`) VALUES (54, 54, 1, '2018-07-30 08:43:49', '2017-11-28 06:09:11');
INSERT INTO `RATING` (`RATING_ID`, `RIDE_ID`, `AMOUNT`, `CREATE_DATE`, `UPDATE_DATE`) VALUES (55, 55, 8, '2019-05-08 04:15:58', '2018-02-05 04:43:27');
INSERT INTO `RATING` (`RATING_ID`, `RIDE_ID`, `AMOUNT`, `CREATE_DATE`, `UPDATE_DATE`) VALUES (56, 56, 9, '2018-03-22 05:09:44', '2018-05-28 23:10:27');
INSERT INTO `RATING` (`RATING_ID`, `RIDE_ID`, `AMOUNT`, `CREATE_DATE`, `UPDATE_DATE`) VALUES (57, 57, 6, '2018-03-31 18:17:08', '2017-07-29 21:38:17');
INSERT INTO `RATING` (`RATING_ID`, `RIDE_ID`, `AMOUNT`, `CREATE_DATE`, `UPDATE_DATE`) VALUES (58, 58, 8, '2017-07-19 04:08:18', '2018-04-12 17:12:51');
INSERT INTO `RATING` (`RATING_ID`, `RIDE_ID`, `AMOUNT`, `CREATE_DATE`, `UPDATE_DATE`) VALUES (59, 59, 2, '2017-08-29 00:23:50', '2018-02-28 16:00:26');
INSERT INTO `RATING` (`RATING_ID`, `RIDE_ID`, `AMOUNT`, `CREATE_DATE`, `UPDATE_DATE`) VALUES (60, 60, 9, '2018-12-10 05:49:22', '2017-12-11 02:48:20');
INSERT INTO `RATING` (`RATING_ID`, `RIDE_ID`, `AMOUNT`, `CREATE_DATE`, `UPDATE_DATE`) VALUES (61, 61, 6, '2018-06-22 22:30:24', '2018-10-16 10:11:22');
INSERT INTO `RATING` (`RATING_ID`, `RIDE_ID`, `AMOUNT`, `CREATE_DATE`, `UPDATE_DATE`) VALUES (62, 62, 4, '2018-11-02 11:55:03', '2017-12-12 06:41:36');
INSERT INTO `RATING` (`RATING_ID`, `RIDE_ID`, `AMOUNT`, `CREATE_DATE`, `UPDATE_DATE`) VALUES (63, 63, 1, '2018-06-27 11:45:29', '2019-02-05 08:13:58');
INSERT INTO `RATING` (`RATING_ID`, `RIDE_ID`, `AMOUNT`, `CREATE_DATE`, `UPDATE_DATE`) VALUES (64, 64, 8, '2019-04-29 05:21:10', '2016-09-15 21:48:43');
INSERT INTO `RATING` (`RATING_ID`, `RIDE_ID`, `AMOUNT`, `CREATE_DATE`, `UPDATE_DATE`) VALUES (65, 65, 2, '2017-05-22 19:49:13', '2018-03-25 19:10:39');
INSERT INTO `RATING` (`RATING_ID`, `RIDE_ID`, `AMOUNT`, `CREATE_DATE`, `UPDATE_DATE`) VALUES (66, 66, 1, '2016-08-11 06:41:21', '2017-11-13 03:49:00');
INSERT INTO `RATING` (`RATING_ID`, `RIDE_ID`, `AMOUNT`, `CREATE_DATE`, `UPDATE_DATE`) VALUES (67, 67, 10, '2018-03-18 10:12:16', '2018-04-14 03:31:52');
INSERT INTO `RATING` (`RATING_ID`, `RIDE_ID`, `AMOUNT`, `CREATE_DATE`, `UPDATE_DATE`) VALUES (68, 68, 5, '2017-08-03 16:41:38', '2017-11-05 13:26:45');
INSERT INTO `RATING` (`RATING_ID`, `RIDE_ID`, `AMOUNT`, `CREATE_DATE`, `UPDATE_DATE`) VALUES (69, 69, 9, '2019-04-05 03:36:15', '2019-05-01 07:45:50');
INSERT INTO `RATING` (`RATING_ID`, `RIDE_ID`, `AMOUNT`, `CREATE_DATE`, `UPDATE_DATE`) VALUES (70, 70, 7, '2016-10-28 13:03:24', '2019-03-31 02:49:30');
INSERT INTO `RATING` (`RATING_ID`, `RIDE_ID`, `AMOUNT`, `CREATE_DATE`, `UPDATE_DATE`) VALUES (71, 71, 1, '2016-10-30 11:15:56', '2018-10-30 05:18:40');
INSERT INTO `RATING` (`RATING_ID`, `RIDE_ID`, `AMOUNT`, `CREATE_DATE`, `UPDATE_DATE`) VALUES (72, 72, 5, '2016-10-30 18:53:19', '2017-12-14 02:19:39');
INSERT INTO `RATING` (`RATING_ID`, `RIDE_ID`, `AMOUNT`, `CREATE_DATE`, `UPDATE_DATE`) VALUES (73, 73, 2, '2017-01-02 17:48:32', '2017-09-10 11:10:32');
INSERT INTO `RATING` (`RATING_ID`, `RIDE_ID`, `AMOUNT`, `CREATE_DATE`, `UPDATE_DATE`) VALUES (74, 74, 7, '2016-07-05 15:17:35', '2016-11-04 00:26:50');
INSERT INTO `RATING` (`RATING_ID`, `RIDE_ID`, `AMOUNT`, `CREATE_DATE`, `UPDATE_DATE`) VALUES (75, 75, 7, '2017-06-21 21:56:14', '2017-09-20 03:32:00');
INSERT INTO `RATING` (`RATING_ID`, `RIDE_ID`, `AMOUNT`, `CREATE_DATE`, `UPDATE_DATE`) VALUES (76, 76, 4, '2017-09-08 16:37:41', '2016-08-17 04:36:01');
INSERT INTO `RATING` (`RATING_ID`, `RIDE_ID`, `AMOUNT`, `CREATE_DATE`, `UPDATE_DATE`) VALUES (77, 77, 5, '2017-01-11 17:03:18', '2018-05-21 08:00:18');
INSERT INTO `RATING` (`RATING_ID`, `RIDE_ID`, `AMOUNT`, `CREATE_DATE`, `UPDATE_DATE`) VALUES (78, 78, 2, '2017-09-30 14:02:19', '2017-07-24 00:57:15');
INSERT INTO `RATING` (`RATING_ID`, `RIDE_ID`, `AMOUNT`, `CREATE_DATE`, `UPDATE_DATE`) VALUES (79, 79, 7, '2018-06-19 17:41:49', '2017-01-19 08:47:50');
INSERT INTO `RATING` (`RATING_ID`, `RIDE_ID`, `AMOUNT`, `CREATE_DATE`, `UPDATE_DATE`) VALUES (80, 80, 4, '2018-05-16 06:38:12', '2016-09-07 06:47:40');
INSERT INTO `RATING` (`RATING_ID`, `RIDE_ID`, `AMOUNT`, `CREATE_DATE`, `UPDATE_DATE`) VALUES (81, 81, 8, '2018-01-27 15:56:02', '2019-04-17 01:32:00');
INSERT INTO `RATING` (`RATING_ID`, `RIDE_ID`, `AMOUNT`, `CREATE_DATE`, `UPDATE_DATE`) VALUES (82, 82, 3, '2016-08-28 20:06:44', '2019-02-12 08:32:59');
INSERT INTO `RATING` (`RATING_ID`, `RIDE_ID`, `AMOUNT`, `CREATE_DATE`, `UPDATE_DATE`) VALUES (83, 83, 4, '2017-10-25 08:34:46', '2016-12-17 00:53:55');
INSERT INTO `RATING` (`RATING_ID`, `RIDE_ID`, `AMOUNT`, `CREATE_DATE`, `UPDATE_DATE`) VALUES (84, 84, 10, '2019-03-05 19:39:11', '2017-07-11 21:46:37');
INSERT INTO `RATING` (`RATING_ID`, `RIDE_ID`, `AMOUNT`, `CREATE_DATE`, `UPDATE_DATE`) VALUES (85, 85, 3, '2016-08-16 17:11:16', '2019-04-05 03:25:34');
INSERT INTO `RATING` (`RATING_ID`, `RIDE_ID`, `AMOUNT`, `CREATE_DATE`, `UPDATE_DATE`) VALUES (86, 86, 2, '2017-11-29 07:48:00', '2016-11-21 08:54:55');
INSERT INTO `RATING` (`RATING_ID`, `RIDE_ID`, `AMOUNT`, `CREATE_DATE`, `UPDATE_DATE`) VALUES (87, 87, 2, '2016-12-17 12:14:27', '2019-01-21 13:33:34');
INSERT INTO `RATING` (`RATING_ID`, `RIDE_ID`, `AMOUNT`, `CREATE_DATE`, `UPDATE_DATE`) VALUES (88, 88, 5, '2018-09-04 17:25:46', '2017-05-18 02:00:11');
INSERT INTO `RATING` (`RATING_ID`, `RIDE_ID`, `AMOUNT`, `CREATE_DATE`, `UPDATE_DATE`) VALUES (89, 89, 1, '2017-04-24 11:34:59', '2016-07-18 14:34:49');
INSERT INTO `RATING` (`RATING_ID`, `RIDE_ID`, `AMOUNT`, `CREATE_DATE`, `UPDATE_DATE`) VALUES (90, 90, 6, '2018-09-21 13:57:56', '2019-01-11 19:34:46');
INSERT INTO `RATING` (`RATING_ID`, `RIDE_ID`, `AMOUNT`, `CREATE_DATE`, `UPDATE_DATE`) VALUES (91, 91, 3, '2019-05-15 14:57:07', '2017-07-17 04:41:57');
INSERT INTO `RATING` (`RATING_ID`, `RIDE_ID`, `AMOUNT`, `CREATE_DATE`, `UPDATE_DATE`) VALUES (92, 92, 6, '2019-01-18 10:41:43', '2017-08-15 20:24:31');
INSERT INTO `RATING` (`RATING_ID`, `RIDE_ID`, `AMOUNT`, `CREATE_DATE`, `UPDATE_DATE`) VALUES (93, 93, 8, '2019-02-10 03:25:08', '2018-08-20 13:30:51');
INSERT INTO `RATING` (`RATING_ID`, `RIDE_ID`, `AMOUNT`, `CREATE_DATE`, `UPDATE_DATE`) VALUES (94, 94, 5, '2017-11-08 04:34:30', '2016-06-16 19:57:17');
INSERT INTO `RATING` (`RATING_ID`, `RIDE_ID`, `AMOUNT`, `CREATE_DATE`, `UPDATE_DATE`) VALUES (95, 95, 2, '2018-10-14 08:56:18', '2016-12-04 18:10:50');
INSERT INTO `RATING` (`RATING_ID`, `RIDE_ID`, `AMOUNT`, `CREATE_DATE`, `UPDATE_DATE`) VALUES (96, 96, 6, '2018-09-07 00:13:41', '2019-02-10 04:03:56');
INSERT INTO `RATING` (`RATING_ID`, `RIDE_ID`, `AMOUNT`, `CREATE_DATE`, `UPDATE_DATE`) VALUES (97, 97, 9, '2017-10-06 19:07:28', '2016-09-24 13:00:22');
INSERT INTO `RATING` (`RATING_ID`, `RIDE_ID`, `AMOUNT`, `CREATE_DATE`, `UPDATE_DATE`) VALUES (98, 98, 3, '2016-10-25 05:54:47', '2017-02-27 10:18:16');
INSERT INTO `RATING` (`RATING_ID`, `RIDE_ID`, `AMOUNT`, `CREATE_DATE`, `UPDATE_DATE`) VALUES (99, 99, 1, '2016-08-29 22:18:00', '2018-04-21 04:35:39');
INSERT INTO `RATING` (`RATING_ID`, `RIDE_ID`, `AMOUNT`, `CREATE_DATE`, `UPDATE_DATE`) VALUES (100, 100, 1, '2018-05-09 08:27:04', '2018-11-24 13:18:44');


